comparison,baseline_algorithm_label,target_algorithm_label,group_kind,group_name,topology,topology_mode,attack_strategy,byzantine_fraction,byzantine_placement,target_arm,inflated_mean,metric,n_pairs,mean_difference,std_difference,sem_difference,ci95_low,ci95_high,min_difference,max_difference,ci_method,bootstrap_iterations,bootstrap_seed
vs_independent,independent,centralized_clean_reference,primary,clean_static_all_topologies,complete,static,no_attack,0.0,none,,1.0,mean_per_agent_regret_difference,100,-100.02867999999968,3.193301906848593,0.3193301906848593,-100.67630499999972,-99.43329199999967,-108.53799999999966,-92.60199999999976,paired_percentile_bootstrap,2000,20260827
vs_independent,independent,centralized_clean_reference,primary,clean_static_all_topologies,complete,static,no_attack,0.0,none,,1.0,total_population_regret_difference,100,-2500.716999999992,79.83254767121477,7.983254767121477,-2516.8324124999926,-2484.5051749999925,-2713.449999999991,-2315.049999999994,paired_percentile_bootstrap,2000,20260827
vs_independent,independent,centralized_clean_reference,primary,clean_static_all_topologies,complete,static,no_attack,0.0,none,,1.0,best_arm_identification_rate_difference,100,0.0,0.0,0.0,0.0,0.0,0.0,0.0,paired_percentile_bootstrap,2000,20260827
vs_independent,independent,centralized_clean_reference,primary,clean_static_all_topologies,complete,static,no_attack,0.0,none,,1.0,messages_sent_difference,100,0.0,0.0,0.0,0.0,0.0,0.0,0.0,paired_percentile_bootstrap,2000,20260827
vs_independent,independent,centralized_clean_reference,primary,clean_static_all_topologies,complete,static,no_attack,0.0,none,,1.0,scalar_values_sent_difference,100,0.0,0.0,0.0,0.0,0.0,0.0,0.0,paired_percentile_bootstrap,2000,20260827
vs_independent,independent,centralized_clean_reference,primary,clean_static_all_topologies,ring,static,no_attack,0.0,none,,1.0,mean_per_agent_regret_difference,100,-100.02867999999968,3.193301906848593,0.3193301906848593,-100.67665949999974,-99.42345299999965,-108.53799999999966,-92.60199999999976,paired_percentile_bootstrap,2000,20260827
vs_independent,independent,centralized_clean_reference,primary,clean_static_all_topologies,ring,static,no_attack,0.0,none,,1.0,total_population_regret_difference,100,-2500.716999999992,79.83254767121477,7.983254767121477,-2516.274037499993,-2485.582612499992,-2713.449999999991,-2315.049999999994,paired_percentile_bootstrap,2000,20260827
vs_independent,independent,centralized_clean_reference,primary,clean_static_all_topologies,ring,static,no_attack,0.0,none,,1.0,best_arm_identification_rate_difference,100,0.0,0.0,0.0,0.0,0.0,0.0,0.0,paired_percentile_bootstrap,2000,20260827
vs_independent,independent,centralized_clean_reference,primary,clean_static_all_topologies,ring,static,no_attack,0.0,none,,1.0,messages_sent_difference,100,0.0,0.0,0.0,0.0,0.0,0.0,0.0,paired_percentile_bootstrap,2000,20260827
vs_independent,independent,centralized_clean_reference,primary,clean_static_all_topologies,ring,static,no_attack,0.0,none,,1.0,scalar_values_sent_difference,100,0.0,0.0,0.0,0.0,0.0,0.0,0.0,paired_percentile_bootstrap,2000,20260827
vs_independent,independent,centralized_clean_reference,primary,clean_static_all_topologies,scale_free,static,no_attack,0.0,none,,1.0,mean_per_agent_regret_difference,100,-100.02867999999968,3.193301906848593,0.3193301906848593,-100.6301889999997,-99.4434134999996,-108.53799999999966,-92.60199999999976,paired_percentile_bootstrap,2000,20260827
vs_independent,independent,centralized_clean_reference,primary,clean_static_all_topologies,scale_free,static,no_attack,0.0,none,,1.0,total_population_regret_difference,100,-2500.716999999992,79.83254767121477,7.983254767121477,-2517.058537499993,-2485.254574999992,-2713.449999999991,-2315.049999999994,paired_percentile_bootstrap,2000,20260827
vs_independent,independent,centralized_clean_reference,primary,clean_static_all_topologies,scale_free,static,no_attack,0.0,none,,1.0,best_arm_identification_rate_difference,100,0.0,0.0,0.0,0.0,0.0,0.0,0.0,paired_percentile_bootstrap,2000,20260827
vs_independent,independent,centralized_clean_reference,primary,clean_static_all_topologies,scale_free,static,no_attack,0.0,none,,1.0,messages_sent_difference,100,0.0,0.0,0.0,0.0,0.0,0.0,0.0,paired_percentile_bootstrap,2000,20260827
vs_independent,independent,centralized_clean_reference,primary,clean_static_all_topologies,scale_free,static,no_attack,0.0,none,,1.0,scalar_values_sent_difference,100,0.0,0.0,0.0,0.0,0.0,0.0,0.0,paired_percentile_bootstrap,2000,20260827
vs_independent,independent,centralized_clean_reference,primary,clean_static_all_topologies,small_world,static,no_attack,0.0,none,,1.0,mean_per_agent_regret_difference,100,-100.02867999999968,3.193301906848593,0.3193301906848593,-100.63673649999969,-99.43845149999967,-108.53799999999966,-92.60199999999976,paired_percentile_bootstrap,2000,20260827
vs_independent,independent,centralized_clean_reference,primary,clean_static_all_topologies,small_world,static,no_attack,0.0,none,,1.0,total_population_regret_difference,100,-2500.716999999992,79.83254767121477,7.983254767121477,-2516.2132874999934,-2485.4979124999923,-2713.449999999991,-2315.049999999994,paired_percentile_bootstrap,2000,20260827
vs_independent,independent,centralized_clean_reference,primary,clean_static_all_topologies,small_world,static,no_attack,0.0,none,,1.0,best_arm_identification_rate_difference,100,0.0,0.0,0.0,0.0,0.0,0.0,0.0,paired_percentile_bootstrap,2000,20260827
vs_independent,independent,centralized_clean_reference,primary,clean_static_all_topologies,small_world,static,no_attack,0.0,none,,1.0,messages_sent_difference,100,0.0,0.0,0.0,0.0,0.0,0.0,0.0,paired_percentile_bootstrap,2000,20260827
vs_independent,independent,centralized_clean_reference,primary,clean_static_all_topologies,small_world,static,no_attack,0.0,none,,1.0,scalar_values_sent_difference,100,0.0,0.0,0.0,0.0,0.0,0.0,0.0,paired_percentile_bootstrap,2000,20260827
vs_independent,independent,mean,primary,clean_static_all_topologies,complete,static,no_attack,0.0,none,,1.0,mean_per_agent_regret_difference,100,-103.8541999999997,2.761631877398331,0.27616318773983306,-104.37568399999974,-103.3180939999997,-111.48399999999978,-96.72599999999971,paired_percentile_bootstrap,2000,20260827
vs_independent,independent,mean,primary,clean_static_all_topologies,complete,static,no_attack,0.0,none,,1.0,total_population_regret_difference,100,-2596.3549999999923,69.04079693495824,6.904079693495824,-2609.7873249999916,-2583.305912499991,-2787.0999999999945,-2418.1499999999933,paired_percentile_bootstrap,2000,20260827
vs_independent,independent,mean,primary,clean_static_all_topologies,complete,static,no_attack,0.0,none,,1.0,best_arm_identification_rate_difference,100,0.0,0.0,0.0,0.0,0.0,0.0,0.0,paired_percentile_bootstrap,2000,20260827
vs_independent,independent,mean,primary,clean_static_all_topologies,complete,static,no_attack,0.0,none,,1.0,messages_sent_difference,100,1200000.0,0.0,0.0,1200000.0,1200000.0,1200000.0,1200000.0,paired_percentile_bootstrap,2000,20260827
vs_independent,independent,mean,primary,clean_static_all_topologies,complete,static,no_attack,0.0,none,,1.0,scalar_values_sent_difference,100,12000000.0,0.0,0.0,12000000.0,12000000.0,12000000.0,12000000.0,paired_percentile_bootstrap,2000,20260827
vs_independent,independent,mean,primary,clean_static_all_topologies,ring,static,no_attack,0.0,none,,1.0,mean_per_agent_regret_difference,100,-36.30899999999999,4.138428555513633,0.41384285555136324,-37.14486549999997,-35.51493499999998,-44.901999999999816,-25.292000000000314,paired_percentile_bootstrap,2000,20260827
vs_independent,independent,mean,primary,clean_static_all_topologies,ring,static,no_attack,0.0,none,,1.0,total_population_regret_difference,100,-907.7249999999999,103.46071388784083,10.346071388784083,-927.0393000000001,-886.5755499999996,-1122.5499999999956,-632.3000000000079,paired_percentile_bootstrap,2000,20260827
vs_independent,independent,mean,primary,clean_static_all_topologies,ring,static,no_attack,0.0,none,,1.0,best_arm_identification_rate_difference,100,0.0,0.0,0.0,0.0,0.0,0.0,0.0,paired_percentile_bootstrap,2000,20260827
vs_independent,independent,mean,primary,clean_static_all_topologies,ring,static,no_attack,0.0,none,,1.0,messages_sent_difference,100,100000.0,0.0,0.0,100000.0,100000.0,100000.0,100000.0,paired_percentile_bootstrap,2000,20260827
vs_independent,independent,mean,primary,clean_static_all_topologies,ring,static,no_attack,0.0,none,,1.0,scalar_values_sent_difference,100,1000000.0,0.0,0.0,1000000.0,1000000.0,1000000.0,1000000.0,paired_percentile_bootstrap,2000,20260827
vs_independent,independent,mean,primary,clean_static_all_topologies,scale_free,static,no_attack,0.0,none,,1.0,mean_per_agent_regret_difference,100,-34.58840000000003,8.284458337114891,0.8284458337114892,-36.2383175,-32.99798900000007,-50.38399999999993,-5.384000000000313,paired_percentile_bootstrap,2000,20260827
vs_independent,independent,mean,primary,clean_static_all_topologies,scale_free,static,no_attack,0.0,none,,1.0,total_population_regret_difference,100,-864.7100000000007,207.1114584278723,20.71114584278723,-905.7611500000008,-821.456275,-1259.5999999999985,-134.60000000000764,paired_percentile_bootstrap,2000,20260827
vs_independent,independent,mean,primary,clean_static_all_topologies,scale_free,static,no_attack,0.0,none,,1.0,best_arm_identification_rate_difference,100,0.0,0.0,0.0,0.0,0.0,0.0,0.0,paired_percentile_bootstrap,2000,20260827
vs_independent,independent,mean,primary,clean_static_all_topologies,scale_free,static,no_attack,0.0,none,,1.0,messages_sent_difference,100,184000.0,0.0,0.0,184000.0,184000.0,184000.0,184000.0,paired_percentile_bootstrap,2000,20260827
vs_independent,independent,mean,primary,clean_static_all_topologies,scale_free,static,no_attack,0.0,none,,1.0,scalar_values_sent_difference,100,1840000.0,0.0,0.0,1840000.0,1840000.0,1840000.0,1840000.0,paired_percentile_bootstrap,2000,20260827
vs_independent,independent,mean,primary,clean_static_all_topologies,small_world,static,no_attack,0.0,none,,1.0,mean_per_agent_regret_difference,100,-53.223339999999865,4.782426669895623,0.47824266698956225,-54.1070849999999,-52.26279449999984,-65.97799999999992,-41.84400000000032,paired_percentile_bootstrap,2000,20260827
vs_independent,independent,mean,primary,clean_static_all_topologies,small_world,static,no_attack,0.0,none,,1.0,total_population_regret_difference,100,-1330.5834999999965,119.56066674739054,11.956066674739054,-1352.6618499999968,-1307.8107249999966,-1649.449999999998,-1046.1000000000079,paired_percentile_bootstrap,2000,20260827
vs_independent,independent,mean,primary,clean_static_all_topologies,small_world,static,no_attack,0.0,none,,1.0,best_arm_identification_rate_difference,100,0.0,0.0,0.0,0.0,0.0,0.0,0.0,paired_percentile_bootstrap,2000,20260827
vs_independent,independent,mean,primary,clean_static_all_topologies,small_world,static,no_attack,0.0,none,,1.0,messages_sent_difference,100,200000.0,0.0,0.0,200000.0,200000.0,200000.0,200000.0,paired_percentile_bootstrap,2000,20260827
vs_independent,independent,mean,primary,clean_static_all_topologies,small_world,static,no_attack,0.0,none,,1.0,scalar_values_sent_difference,100,2000000.0,0.0,0.0,2000000.0,2000000.0,2000000.0,2000000.0,paired_percentile_bootstrap,2000,20260827
vs_independent,independent,mean,primary,coordinated_static_random_and_degree,ring,static,coordinated_target,0.2,degree_centrality,3,1.0,mean_per_agent_regret_difference,100,-24.5421249999999,4.672266369455648,0.46722663694556477,-25.419428749999888,-23.63336249999991,-38.1249999999997,-12.329999999999956,paired_percentile_bootstrap,2000,20260827
vs_independent,independent,mean,primary,coordinated_static_random_and_degree,ring,static,coordinated_target,0.2,degree_centrality,3,1.0,total_population_regret_difference,100,-490.842499999998,93.44532738911296,9.344532738911296,-508.9919874999981,-472.22286249999735,-762.4999999999941,-246.59999999999923,paired_percentile_bootstrap,2000,20260827
vs_independent,independent,mean,primary,coordinated_static_random_and_degree,ring,static,coordinated_target,0.2,degree_centrality,3,1.0,best_arm_identification_rate_difference,100,0.0,0.0,0.0,0.0,0.0,0.0,0.0,paired_percentile_bootstrap,2000,20260827
vs_independent,independent,mean,primary,coordinated_static_random_and_degree,ring,static,coordinated_target,0.2,degree_centrality,3,1.0,messages_sent_difference,100,100000.0,0.0,0.0,100000.0,100000.0,100000.0,100000.0,paired_percentile_bootstrap,2000,20260827
vs_independent,independent,mean,primary,coordinated_static_random_and_degree,ring,static,coordinated_target,0.2,degree_centrality,3,1.0,scalar_values_sent_difference,100,1000000.0,0.0,0.0,1000000.0,1000000.0,1000000.0,1000000.0,paired_percentile_bootstrap,2000,20260827
vs_independent,independent,mean,primary,coordinated_static_random_and_degree,ring,static,coordinated_target,0.2,random,3,1.0,mean_per_agent_regret_difference,100,-31.854600000000026,7.5442116559717585,0.7544211655971759,-33.299453750000026,-30.33264437500007,-50.824999999999775,-8.322500000000161,paired_percentile_bootstrap,2000,20260827
vs_independent,independent,mean,primary,coordinated_static_random_and_degree,ring,static,coordinated_target,0.2,random,3,1.0,total_population_regret_difference,100,-637.0920000000006,150.88423311943518,15.088423311943519,-666.2920750000008,-607.0528250000008,-1016.4999999999955,-166.45000000000346,paired_percentile_bootstrap,2000,20260827
vs_independent,independent,mean,primary,coordinated_static_random_and_degree,ring,static,coordinated_target,0.2,random,3,1.0,best_arm_identification_rate_difference,100,0.0,0.0,0.0,0.0,0.0,0.0,0.0,paired_percentile_bootstrap,2000,20260827
vs_independent,independent,mean,primary,coordinated_static_random_and_degree,ring,static,coordinated_target,0.2,random,3,1.0,messages_sent_difference,100,100000.0,0.0,0.0,100000.0,100000.0,100000.0,100000.0,paired_percentile_bootstrap,2000,20260827
vs_independent,independent,mean,primary,coordinated_static_random_and_degree,ring,static,coordinated_target,0.2,random,3,1.0,scalar_values_sent_difference,100,1000000.0,0.0,0.0,1000000.0,1000000.0,1000000.0,1000000.0,paired_percentile_bootstrap,2000,20260827
vs_independent,independent,mean,primary,coordinated_static_random_and_degree,scale_free,static,coordinated_target,0.2,degree_centrality,3,1.0,mean_per_agent_regret_difference,100,-25.322850000000017,11.804741664267702,1.1804741664267702,-27.58770625000002,-22.957109375000073,-52.32249999999962,13.459999999999738,paired_percentile_bootstrap,2000,20260827
vs_independent,independent,mean,primary,coordinated_static_random_and_degree,scale_free,static,coordinated_target,0.2,degree_centrality,3,1.0,total_population_regret_difference,100,-506.45700000000033,236.09483328535407,23.609483328535408,-551.5875874999995,-457.8173125000012,-1046.4499999999925,269.1999999999948,paired_percentile_bootstrap,2000,20260827
vs_independent,independent,mean,primary,coordinated_static_random_and_degree,scale_free,static,coordinated_target,0.2,degree_centrality,3,1.0,best_arm_identification_rate_difference,100,0.0,0.0,0.0,0.0,0.0,0.0,0.0,paired_percentile_bootstrap,2000,20260827
vs_independent,independent,mean,primary,coordinated_static_random_and_degree,scale_free,static,coordinated_target,0.2,degree_centrality,3,1.0,messages_sent_difference,100,184000.0,0.0,0.0,184000.0,184000.0,184000.0,184000.0,paired_percentile_bootstrap,2000,20260827
vs_independent,independent,mean,primary,coordinated_static_random_and_degree,scale_free,static,coordinated_target,0.2,degree_centrality,3,1.0,scalar_values_sent_difference,100,1840000.0,0.0,0.0,1840000.0,1840000.0,1840000.0,1840000.0,paired_percentile_bootstrap,2000,20260827
vs_independent,independent,mean,primary,coordinated_static_random_and_degree,scale_free,static,coordinated_target,0.2,random,3,1.0,mean_per_agent_regret_difference,100,-32.76737500000001,10.466077848322438,1.046607784832244,-34.75788499999999,-30.85302312500001,-61.412499999999774,-6.19000000000041,paired_percentile_bootstrap,2000,20260827
vs_independent,independent,mean,primary,coordinated_static_random_and_degree,scale_free,static,coordinated_target,0.2,random,3,1.0,total_population_regret_difference,100,-655.3475000000001,209.32155696644872,20.932155696644873,-694.9283000000003,-612.7268374999995,-1228.2499999999955,-123.80000000000837,paired_percentile_bootstrap,2000,20260827
vs_independent,independent,mean,primary,coordinated_static_random_and_degree,scale_free,static,coordinated_target,0.2,random,3,1.0,best_arm_identification_rate_difference,100,0.0,0.0,0.0,0.0,0.0,0.0,0.0,paired_percentile_bootstrap,2000,20260827
vs_independent,independent,mean,primary,coordinated_static_random_and_degree,scale_free,static,coordinated_target,0.2,random,3,1.0,messages_sent_difference,100,184000.0,0.0,0.0,184000.0,184000.0,184000.0,184000.0,paired_percentile_bootstrap,2000,20260827
vs_independent,independent,mean,primary,coordinated_static_random_and_degree,scale_free,static,coordinated_target,0.2,random,3,1.0,scalar_values_sent_difference,100,1840000.0,0.0,0.0,1840000.0,1840000.0,1840000.0,1840000.0,paired_percentile_bootstrap,2000,20260827
vs_independent,independent,median,primary,clean_static_all_topologies,complete,static,no_attack,0.0,none,,1.0,mean_per_agent_regret_difference,100,-100.29790000000011,47.805581915215356,4.780558191521536,-108.69867399999983,-89.84066700000044,-119.70199999999977,87.9519999999932,paired_percentile_bootstrap,2000,20260827
vs_independent,independent,median,primary,clean_static_all_topologies,complete,static,no_attack,0.0,none,,1.0,total_population_regret_difference,100,-2507.4475000000025,1195.1395478803838,119.51395478803838,-2722.1644499999957,-2249.6143500000103,-2992.5499999999943,2198.79999999983,paired_percentile_bootstrap,2000,20260827
vs_independent,independent,median,primary,clean_static_all_topologies,complete,static,no_attack,0.0,none,,1.0,best_arm_identification_rate_difference,100,-0.06,0.23868325657594203,0.023868325657594204,-0.11,-0.02,-1.0,0.0,paired_percentile_bootstrap,2000,20260827
vs_independent,independent,median,primary,clean_static_all_topologies,complete,static,no_attack,0.0,none,,1.0,messages_sent_difference,100,1200000.0,0.0,0.0,1200000.0,1200000.0,1200000.0,1200000.0,paired_percentile_bootstrap,2000,20260827
vs_independent,independent,median,primary,clean_static_all_topologies,complete,static,no_attack,0.0,none,,1.0,scalar_values_sent_difference,100,12000000.0,0.0,0.0,12000000.0,12000000.0,12000000.0,12000000.0,paired_percentile_bootstrap,2000,20260827
vs_independent,independent,median,primary,clean_static_all_topologies,ring,static,no_attack,0.0,none,,1.0,mean_per_agent_regret_difference,100,274.0679599999944,88.81388289284078,8.881388289284079,256.9527144999947,292.10139249999435,53.67599999999835,493.2019999999932,paired_percentile_bootstrap,2000,20260827
vs_independent,independent,median,primary,clean_static_all_topologies,ring,static,no_attack,0.0,none,,1.0,total_population_regret_difference,100,6851.69899999986,2220.3470723210194,222.03470723210194,6417.688062499856,7292.0542374998395,1341.8999999999587,12330.04999999983,paired_percentile_bootstrap,2000,20260827
vs_independent,independent,median,primary,clean_static_all_topologies,ring,static,no_attack,0.0,none,,1.0,best_arm_identification_rate_difference,100,-0.41,0.12615526748872405,0.012615526748872405,-0.43439999999999995,-0.3847999999999999,-0.72,-0.16000000000000003,paired_percentile_bootstrap,2000,20260827
vs_independent,independent,median,primary,clean_static_all_topologies,ring,static,no_attack,0.0,none,,1.0,messages_sent_difference,100,100000.0,0.0,0.0,100000.0,100000.0,100000.0,100000.0,paired_percentile_bootstrap,2000,20260827
vs_independent,independent,median,primary,clean_static_all_topologies,ring,static,no_attack,0.0,none,,1.0,scalar_values_sent_difference,100,1000000.0,0.0,0.0,1000000.0,1000000.0,1000000.0,1000000.0,paired_percentile_bootstrap,2000,20260827
vs_independent,independent,median,primary,clean_static_all_topologies,scale_free,static,no_attack,0.0,none,,1.0,mean_per_agent_regret_difference,100,322.9242999999943,102.91300441797016,10.291300441797016,301.7718519999943,342.92138049999386,63.777999999995444,595.7399999999918,paired_percentile_bootstrap,2000,20260827
vs_independent,independent,median,primary,clean_static_all_topologies,scale_free,static,no_attack,0.0,none,,1.0,total_population_regret_difference,100,8073.107499999856,2572.8251104492538,257.2825110449254,7614.057662499866,8582.272949999842,1594.4499999998861,14893.499999999798,paired_percentile_bootstrap,2000,20260827
vs_independent,independent,median,primary,clean_static_all_topologies,scale_free,static,no_attack,0.0,none,,1.0,best_arm_identification_rate_difference,100,-0.32799999999999996,0.1802355361321637,0.01802355361321637,-0.36439999999999995,-0.29679999999999984,-0.8,-0.040000000000000036,paired_percentile_bootstrap,2000,20260827
vs_independent,independent,median,primary,clean_static_all_topologies,scale_free,static,no_attack,0.0,none,,1.0,messages_sent_difference,100,184000.0,0.0,0.0,184000.0,184000.0,184000.0,184000.0,paired_percentile_bootstrap,2000,20260827
vs_independent,independent,median,primary,clean_static_all_topologies,scale_free,static,no_attack,0.0,none,,1.0,scalar_values_sent_difference,100,1840000.0,0.0,0.0,1840000.0,1840000.0,1840000.0,1840000.0,paired_percentile_bootstrap,2000,20260827
vs_independent,independent,median,primary,clean_static_all_topologies,small_world,static,no_attack,0.0,none,,1.0,mean_per_agent_regret_difference,100,194.394799999996,88.01764109907889,8.80176410990789,177.23981399999582,210.99148399999584,-2.7520000000015585,390.745999999996,paired_percentile_bootstrap,2000,20260827
vs_independent,independent,median,primary,clean_static_all_topologies,small_world,static,no_attack,0.0,none,,1.0,total_population_regret_difference,100,4859.8699999999,2200.441027476972,220.0441027476972,4431.080637499903,5271.753074999888,-68.80000000003929,9768.6499999999,paired_percentile_bootstrap,2000,20260827
vs_independent,independent,median,primary,clean_static_all_topologies,small_world,static,no_attack,0.0,none,,1.0,best_arm_identification_rate_difference,100,-0.2368,0.13317323721796023,0.013317323721796023,-0.2631999999999998,-0.21279999999999982,-0.64,0.0,paired_percentile_bootstrap,2000,20260827
vs_independent,independent,median,primary,clean_static_all_topologies,small_world,static,no_attack,0.0,none,,1.0,messages_sent_difference,100,200000.0,0.0,0.0,200000.0,200000.0,200000.0,200000.0,paired_percentile_bootstrap,2000,20260827
vs_independent,independent,median,primary,clean_static_all_topologies,small_world,static,no_attack,0.0,none,,1.0,scalar_values_sent_difference,100,2000000.0,0.0,0.0,2000000.0,2000000.0,2000000.0,2000000.0,paired_percentile_bootstrap,2000,20260827
vs_independent,independent,median,primary,coordinated_static_random_and_degree,ring,static,coordinated_target,0.2,degree_centrality,3,1.0,mean_per_agent_regret_difference,100,279.20997499999424,106.63466635017272,10.663466635017272,259.0948974999946,300.81116687499417,14.312499999996831,652.8349999999849,paired_percentile_bootstrap,2000,20260827
vs_independent,independent,median,primary,coordinated_static_random_and_degree,ring,static,coordinated_target,0.2,degree_centrality,3,1.0,total_population_regret_difference,100,5584.199499999885,2132.6933270034547,213.26933270034547,5176.282562499894,5997.619162499881,286.24999999993634,13056.6999999997,paired_percentile_bootstrap,2000,20260827
vs_independent,independent,median,primary,coordinated_static_random_and_degree,ring,static,coordinated_target,0.2,degree_centrality,3,1.0,best_arm_identification_rate_difference,100,-0.4115,0.14717113655314154,0.014717113655314154,-0.44049999999999995,-0.38500000000000006,-0.8,-0.09999999999999998,paired_percentile_bootstrap,2000,20260827
vs_independent,independent,median,primary,coordinated_static_random_and_degree,ring,static,coordinated_target,0.2,degree_centrality,3,1.0,messages_sent_difference,100,100000.0,0.0,0.0,100000.0,100000.0,100000.0,100000.0,paired_percentile_bootstrap,2000,20260827
vs_independent,independent,median,primary,coordinated_static_random_and_degree,ring,static,coordinated_target,0.2,degree_centrality,3,1.0,scalar_values_sent_difference,100,1000000.0,0.0,0.0,1000000.0,1000000.0,1000000.0,1000000.0,paired_percentile_bootstrap,2000,20260827
vs_independent,independent,median,primary,coordinated_static_random_and_degree,ring,static,coordinated_target,0.2,random,3,1.0,mean_per_agent_regret_difference,100,300.63912499999367,98.46717710276567,9.846717710276568,281.6182849999941,319.1410593749931,64.23250000000003,515.0074999999896,paired_percentile_bootstrap,2000,20260827
vs_independent,independent,median,primary,coordinated_static_random_and_degree,ring,static,coordinated_target,0.2,random,3,1.0,total_population_regret_difference,100,6012.782499999874,1969.3435420553135,196.93435420553135,5626.508099999881,6391.106599999869,1284.6500000000005,10300.14999999979,paired_percentile_bootstrap,2000,20260827
vs_independent,independent,median,primary,coordinated_static_random_and_degree,ring,static,coordinated_target,0.2,random,3,1.0,best_arm_identification_rate_difference,100,-0.45,0.13926212476455826,0.013926212476455826,-0.47700000000000004,-0.4225000000000001,-0.75,-0.15000000000000002,paired_percentile_bootstrap,2000,20260827
vs_independent,independent,median,primary,coordinated_static_random_and_degree,ring,static,coordinated_target,0.2,random,3,1.0,messages_sent_difference,100,100000.0,0.0,0.0,100000.0,100000.0,100000.0,100000.0,paired_percentile_bootstrap,2000,20260827
vs_independent,independent,median,primary,coordinated_static_random_and_degree,ring,static,coordinated_target,0.2,random,3,1.0,scalar_values_sent_difference,100,1000000.0,0.0,0.0,1000000.0,1000000.0,1000000.0,1000000.0,paired_percentile_bootstrap,2000,20260827
vs_independent,independent,median,primary,coordinated_static_random_and_degree,scale_free,static,coordinated_target,0.2,degree_centrality,3,1.0,mean_per_agent_regret_difference,100,381.785849999993,115.65666636875106,11.565666636875106,359.3891506249929,405.47899374999247,136.9024999999972,757.9949999999944,paired_percentile_bootstrap,2000,20260827
vs_independent,independent,median,primary,coordinated_static_random_and_degree,scale_free,static,coordinated_target,0.2,degree_centrality,3,1.0,total_population_regret_difference,100,7635.71699999986,2313.133327375021,231.3133327375021,7184.231437499864,8070.4563749998615,2738.049999999944,15159.899999999889,paired_percentile_bootstrap,2000,20260827
vs_independent,independent,median,primary,coordinated_static_random_and_degree,scale_free,static,coordinated_target,0.2,degree_centrality,3,1.0,best_arm_identification_rate_difference,100,-0.45399999999999996,0.171252073643716,0.0171252073643716,-0.4870000000000001,-0.41950000000000015,-0.8,-0.09999999999999998,paired_percentile_bootstrap,2000,20260827
vs_independent,independent,median,primary,coordinated_static_random_and_degree,scale_free,static,coordinated_target,0.2,degree_centrality,3,1.0,messages_sent_difference,100,184000.0,0.0,0.0,184000.0,184000.0,184000.0,184000.0,paired_percentile_bootstrap,2000,20260827
vs_independent,independent,median,primary,coordinated_static_random_and_degree,scale_free,static,coordinated_target,0.2,degree_centrality,3,1.0,scalar_values_sent_difference,100,1840000.0,0.0,0.0,1840000.0,1840000.0,1840000.0,1840000.0,paired_percentile_bootstrap,2000,20260827
vs_independent,independent,median,primary,coordinated_static_random_and_degree,scale_free,static,coordinated_target,0.2,random,3,1.0,mean_per_agent_regret_difference,100,330.4804749999939,95.22463630704915,9.522463630704916,312.08913562499396,349.0383468749943,130.14499999999603,558.0074999999922,paired_percentile_bootstrap,2000,20260827
vs_independent,independent,median,primary,coordinated_static_random_and_degree,scale_free,static,coordinated_target,0.2,random,3,1.0,total_population_regret_difference,100,6609.609499999879,1904.492726140983,190.4492726140983,6243.652162499877,7001.855499999864,2602.8999999999205,11160.149999999843,paired_percentile_bootstrap,2000,20260827
vs_independent,independent,median,primary,coordinated_static_random_and_degree,scale_free,static,coordinated_target,0.2,random,3,1.0,best_arm_identification_rate_difference,100,-0.36950000000000005,0.166043532079556,0.0166043532079556,-0.40150000000000013,-0.3379875,-0.8,0.0,paired_percentile_bootstrap,2000,20260827
vs_independent,independent,median,primary,coordinated_static_random_and_degree,scale_free,static,coordinated_target,0.2,random,3,1.0,messages_sent_difference,100,184000.0,0.0,0.0,184000.0,184000.0,184000.0,184000.0,paired_percentile_bootstrap,2000,20260827
vs_independent,independent,median,primary,coordinated_static_random_and_degree,scale_free,static,coordinated_target,0.2,random,3,1.0,scalar_values_sent_difference,100,1840000.0,0.0,0.0,1840000.0,1840000.0,1840000.0,1840000.0,paired_percentile_bootstrap,2000,20260827
vs_independent,independent,trimmed_mean,primary,clean_static_all_topologies,complete,static,no_attack,0.0,none,,1.0,mean_per_agent_regret_difference,100,-103.31064000000003,43.51646841627329,4.351646841627329,-111.18607999999978,-94.86816200000041,-119.80999999999977,88.95599999999315,paired_percentile_bootstrap,2000,20260827
vs_independent,independent,trimmed_mean,primary,clean_static_all_topologies,complete,static,no_attack,0.0,none,,1.0,total_population_regret_difference,100,-2582.766000000001,1087.9117104068323,108.79117104068322,-2777.346237499994,-2342.136825000011,-2995.2499999999945,2223.8999999998287,paired_percentile_bootstrap,2000,20260827
vs_independent,independent,trimmed_mean,primary,clean_static_all_topologies,complete,static,no_attack,0.0,none,,1.0,best_arm_identification_rate_difference,100,-0.05,0.2190429135575903,0.021904291355759033,-0.1,-0.01,-1.0,0.0,paired_percentile_bootstrap,2000,20260827
vs_independent,independent,trimmed_mean,primary,clean_static_all_topologies,complete,static,no_attack,0.0,none,,1.0,messages_sent_difference,100,1200000.0,0.0,0.0,1200000.0,1200000.0,1200000.0,1200000.0,paired_percentile_bootstrap,2000,20260827
vs_independent,independent,trimmed_mean,primary,clean_static_all_topologies,complete,static,no_attack,0.0,none,,1.0,scalar_values_sent_difference,100,12000000.0,0.0,0.0,12000000.0,12000000.0,12000000.0,12000000.0,paired_percentile_bootstrap,2000,20260827
vs_independent,independent,trimmed_mean,primary,clean_static_all_topologies,ring,static,no_attack,0.0,none,,1.0,mean_per_agent_regret_difference,100,96.65223999999651,62.45004118608493,6.2450041186084935,84.65538599999668,108.46024599999649,-38.36000000000095,224.517999999991,paired_percentile_bootstrap,2000,20260827
vs_independent,independent,trimmed_mean,primary,clean_static_all_topologies,ring,static,no_attack,0.0,none,,1.0,total_population_regret_difference,100,2416.3059999999127,1561.2510296521234,156.12510296521233,2114.402324999912,2717.9475749999074,-959.0000000000239,5612.949999999775,paired_percentile_bootstrap,2000,20260827
vs_independent,independent,trimmed_mean,primary,clean_static_all_topologies,ring,static,no_attack,0.0,none,,1.0,best_arm_identification_rate_difference,100,-0.4808,0.13417672651914692,0.013417672651914691,-0.5068100000000002,-0.4551999999999999,-0.72,-0.19999999999999996,paired_percentile_bootstrap,2000,20260827
vs_independent,independent,trimmed_mean,primary,clean_static_all_topologies,ring,static,no_attack,0.0,none,,1.0,messages_sent_difference,100,100000.0,0.0,0.0,100000.0,100000.0,100000.0,100000.0,paired_percentile_bootstrap,2000,20260827
vs_independent,independent,trimmed_mean,primary,clean_static_all_topologies,ring,static,no_attack,0.0,none,,1.0,scalar_values_sent_difference,100,1000000.0,0.0,0.0,1000000.0,1000000.0,1000000.0,1000000.0,paired_percentile_bootstrap,2000,20260827
vs_independent,independent,trimmed_mean,primary,clean_static_all_topologies,scale_free,static,no_attack,0.0,none,,1.0,mean_per_agent_regret_difference,100,165.54697999999564,60.35112856567806,6.035112856567806,154.04732999999587,176.78218249999549,9.03199999999633,332.3519999999926,paired_percentile_bootstrap,2000,20260827
vs_independent,independent,trimmed_mean,primary,clean_static_all_topologies,scale_free,static,no_attack,0.0,none,,1.0,total_population_regret_difference,100,4138.674499999891,1508.7782141419516,150.87782141419515,3841.6004999998954,4452.098562499891,225.79999999990832,8308.799999999816,paired_percentile_bootstrap,2000,20260827
vs_independent,independent,trimmed_mean,primary,clean_static_all_topologies,scale_free,static,no_attack,0.0,none,,1.0,best_arm_identification_rate_difference,100,-0.40240000000000004,0.1627858480434719,0.016278584804347192,-0.4328100000000003,-0.37200000000000005,-0.88,-0.07999999999999996,paired_percentile_bootstrap,2000,20260827
vs_independent,independent,trimmed_mean,primary,clean_static_all_topologies,scale_free,static,no_attack,0.0,none,,1.0,messages_sent_difference,100,184000.0,0.0,0.0,184000.0,184000.0,184000.0,184000.0,paired_percentile_bootstrap,2000,20260827
vs_independent,independent,trimmed_mean,primary,clean_static_all_topologies,scale_free,static,no_attack,0.0,none,,1.0,scalar_values_sent_difference,100,1840000.0,0.0,0.0,1840000.0,1840000.0,1840000.0,1840000.0,paired_percentile_bootstrap,2000,20260827
vs_independent,independent,trimmed_mean,primary,clean_static_all_topologies,small_world,static,no_attack,0.0,none,,1.0,mean_per_agent_regret_difference,100,158.97535999999644,103.37384115618404,10.337384115618404,138.48452149999665,178.6279524999961,-91.42799999999978,384.33199999999704,paired_percentile_bootstrap,2000,20260827
vs_independent,independent,trimmed_mean,primary,clean_static_all_topologies,small_world,static,no_attack,0.0,none,,1.0,total_population_regret_difference,100,3974.3839999999113,2584.346028904601,258.4346028904601,3457.748149999924,4475.609624999909,-2285.6999999999944,9608.299999999925,paired_percentile_bootstrap,2000,20260827
vs_independent,independent,trimmed_mean,primary,clean_static_all_topologies,small_world,static,no_attack,0.0,none,,1.0,best_arm_identification_rate_difference,100,-0.3208,0.16788452019531797,0.016788452019531795,-0.3535999999999998,-0.2879999999999999,-0.72,0.0,paired_percentile_bootstrap,2000,20260827
vs_independent,independent,trimmed_mean,primary,clean_static_all_topologies,small_world,static,no_attack,0.0,none,,1.0,messages_sent_difference,100,200000.0,0.0,0.0,200000.0,200000.0,200000.0,200000.0,paired_percentile_bootstrap,2000,20260827
vs_independent,independent,trimmed_mean,primary,clean_static_all_topologies,small_world,static,no_attack,0.0,none,,1.0,scalar_values_sent_difference,100,2000000.0,0.0,0.0,2000000.0,2000000.0,2000000.0,2000000.0,paired_percentile_bootstrap,2000,20260827
vs_independent,independent,trimmed_mean,primary,coordinated_static_random_and_degree,ring,static,coordinated_target,0.2,degree_centrality,3,1.0,mean_per_agent_regret_difference,100,105.58929999999614,70.9856195229029,7.098561952290289,91.68045937499627,120.04166374999586,-69.61500000000011,274.54749999999586,paired_percentile_bootstrap,2000,20260827
vs_independent,independent,trimmed_mean,primary,coordinated_static_random_and_degree,ring,static,coordinated_target,0.2,degree_centrality,3,1.0,total_population_regret_difference,100,2111.7859999999228,1419.712390458058,141.97123904580582,1827.7180374999273,2404.3613374999136,-1392.3000000000022,5490.949999999917,paired_percentile_bootstrap,2000,20260827
vs_independent,independent,trimmed_mean,primary,coordinated_static_random_and_degree,ring,static,coordinated_target,0.2,degree_centrality,3,1.0,best_arm_identification_rate_difference,100,-0.488,0.16285334544065136,0.016285334544065135,-0.5215000000000002,-0.45650000000000013,-0.9,-0.19999999999999996,paired_percentile_bootstrap,2000,20260827
vs_independent,independent,trimmed_mean,primary,coordinated_static_random_and_degree,ring,static,coordinated_target,0.2,degree_centrality,3,1.0,messages_sent_difference,100,100000.0,0.0,0.0,100000.0,100000.0,100000.0,100000.0,paired_percentile_bootstrap,2000,20260827
vs_independent,independent,trimmed_mean,primary,coordinated_static_random_and_degree,ring,static,coordinated_target,0.2,degree_centrality,3,1.0,scalar_values_sent_difference,100,1000000.0,0.0,0.0,1000000.0,1000000.0,1000000.0,1000000.0,paired_percentile_bootstrap,2000,20260827
vs_independent,independent,trimmed_mean,primary,coordinated_static_random_and_degree,ring,static,coordinated_target,0.2,random,3,1.0,mean_per_agent_regret_difference,100,117.88797499999569,71.15495347657969,7.115495347657969,104.36130687499578,131.8878424999952,-53.142500000000084,318.4849999999936,paired_percentile_bootstrap,2000,20260827
vs_independent,independent,trimmed_mean,primary,coordinated_static_random_and_degree,ring,static,coordinated_target,0.2,random,3,1.0,total_population_regret_difference,100,2357.759499999914,1423.0990695315938,142.30990695315938,2072.5396499999224,2648.091762499904,-1062.8500000000017,6369.699999999872,paired_percentile_bootstrap,2000,20260827
vs_independent,independent,trimmed_mean,primary,coordinated_static_random_and_degree,ring,static,coordinated_target,0.2,random,3,1.0,best_arm_identification_rate_difference,100,-0.503,0.13119882359659826,0.013119882359659826,-0.5280000000000001,-0.4779999999999999,-0.75,-0.15000000000000002,paired_percentile_bootstrap,2000,20260827
vs_independent,independent,trimmed_mean,primary,coordinated_static_random_and_degree,ring,static,coordinated_target,0.2,random,3,1.0,messages_sent_difference,100,100000.0,0.0,0.0,100000.0,100000.0,100000.0,100000.0,paired_percentile_bootstrap,2000,20260827
vs_independent,independent,trimmed_mean,primary,coordinated_static_random_and_degree,ring,static,coordinated_target,0.2,random,3,1.0,scalar_values_sent_difference,100,1000000.0,0.0,0.0,1000000.0,1000000.0,1000000.0,1000000.0,paired_percentile_bootstrap,2000,20260827
vs_independent,independent,trimmed_mean,primary,coordinated_static_random_and_degree,scale_free,static,coordinated_target,0.2,degree_centrality,3,1.0,mean_per_agent_regret_difference,100,177.88234999999415,76.86742909078907,7.686742909078907,162.79851999999448,194.02387999999343,12.87249999999787,399.677499999989,paired_percentile_bootstrap,2000,20260827
vs_independent,independent,trimmed_mean,primary,coordinated_static_random_and_degree,scale_free,static,coordinated_target,0.2,degree_centrality,3,1.0,total_population_regret_difference,100,3557.6469999998826,1537.3485818157815,153.73485818157815,3265.8097374998915,3851.225287499876,257.4499999999575,7993.549999999779,paired_percentile_bootstrap,2000,20260827
vs_independent,independent,trimmed_mean,primary,coordinated_static_random_and_degree,scale_free,static,coordinated_target,0.2,degree_centrality,3,1.0,best_arm_identification_rate_difference,100,-0.4955,0.15043623435216866,0.015043623435216865,-0.5240125000000001,-0.46600000000000014,-0.9,-0.15000000000000002,paired_percentile_bootstrap,2000,20260827
vs_independent,independent,trimmed_mean,primary,coordinated_static_random_and_degree,scale_free,static,coordinated_target,0.2,degree_centrality,3,1.0,messages_sent_difference,100,184000.0,0.0,0.0,184000.0,184000.0,184000.0,184000.0,paired_percentile_bootstrap,2000,20260827
vs_independent,independent,trimmed_mean,primary,coordinated_static_random_and_degree,scale_free,static,coordinated_target,0.2,degree_centrality,3,1.0,scalar_values_sent_difference,100,1840000.0,0.0,0.0,1840000.0,1840000.0,1840000.0,1840000.0,paired_percentile_bootstrap,2000,20260827
vs_independent,independent,trimmed_mean,primary,coordinated_static_random_and_degree,scale_free,static,coordinated_target,0.2,random,3,1.0,mean_per_agent_regret_difference,100,190.65449999999507,68.96850792740236,6.896850792740236,176.97214374999544,203.618893124995,22.059999999999434,353.50249999999,paired_percentile_bootstrap,2000,20260827
vs_independent,independent,trimmed_mean,primary,coordinated_static_random_and_degree,scale_free,static,coordinated_target,0.2,random,3,1.0,total_population_regret_difference,100,3813.0899999999015,1379.3701585480471,137.9370158548047,3546.450774999904,4077.0835624999004,441.1999999999889,7070.049999999799,paired_percentile_bootstrap,2000,20260827
vs_independent,independent,trimmed_mean,primary,coordinated_static_random_and_degree,scale_free,static,coordinated_target,0.2,random,3,1.0,best_arm_identification_rate_difference,100,-0.436,0.18272350365478104,0.018272350365478106,-0.472,-0.4,-1.0,-0.09999999999999998,paired_percentile_bootstrap,2000,20260827
vs_independent,independent,trimmed_mean,primary,coordinated_static_random_and_degree,scale_free,static,coordinated_target,0.2,random,3,1.0,messages_sent_difference,100,184000.0,0.0,0.0,184000.0,184000.0,184000.0,184000.0,paired_percentile_bootstrap,2000,20260827
vs_independent,independent,trimmed_mean,primary,coordinated_static_random_and_degree,scale_free,static,coordinated_target,0.2,random,3,1.0,scalar_values_sent_difference,100,1840000.0,0.0,0.0,1840000.0,1840000.0,1840000.0,1840000.0,paired_percentile_bootstrap,2000,20260827
vs_mean,mean,median,primary,clean_dynamic_communication_topologies,ring,dynamic,no_attack,0.0,none,,1.0,mean_per_agent_regret_difference,100,289.1065399999955,85.95745091324643,8.595745091324643,273.224549999996,305.43508399999564,102.61599999999795,514.8499999999897,paired_percentile_bootstrap,2000,20260827
vs_mean,mean,median,primary,clean_dynamic_communication_topologies,ring,dynamic,no_attack,0.0,none,,1.0,total_population_regret_difference,100,7227.663499999888,2148.9362728311607,214.89362728311607,6806.915499999894,7633.227662499887,2565.3999999999487,12871.249999999742,paired_percentile_bootstrap,2000,20260827
vs_mean,mean,median,primary,clean_dynamic_communication_topologies,ring,dynamic,no_attack,0.0,none,,1.0,best_arm_identification_rate_difference,100,-0.3876,0.1452487938717982,0.01452487938717982,-0.41600000000000004,-0.35838999999999993,-0.72,-0.07999999999999996,paired_percentile_bootstrap,2000,20260827
vs_mean,mean,median,primary,clean_dynamic_communication_topologies,ring,dynamic,no_attack,0.0,none,,1.0,messages_sent_difference,100,0.0,0.0,0.0,0.0,0.0,0.0,0.0,paired_percentile_bootstrap,2000,20260827
vs_mean,mean,median,primary,clean_dynamic_communication_topologies,ring,dynamic,no_attack,0.0,none,,1.0,scalar_values_sent_difference,100,0.0,0.0,0.0,0.0,0.0,0.0,0.0,paired_percentile_bootstrap,2000,20260827
vs_mean,mean,median,primary,clean_dynamic_communication_topologies,scale_free,dynamic,no_attack,0.0,none,,1.0,mean_per_agent_regret_difference,100,333.3014799999954,86.57510520316362,8.657510520316361,317.0510979999957,350.3618109999951,108.76999999999686,540.8159999999925,paired_percentile_bootstrap,2000,20260827
vs_mean,mean,median,primary,clean_dynamic_communication_topologies,scale_free,dynamic,no_attack,0.0,none,,1.0,total_population_regret_difference,100,8332.536999999886,2164.3776300790905,216.43776300790904,7893.760912499892,8763.956574999876,2719.2499999999213,13520.399999999812,paired_percentile_bootstrap,2000,20260827
vs_mean,mean,median,primary,clean_dynamic_communication_topologies,scale_free,dynamic,no_attack,0.0,none,,1.0,best_arm_identification_rate_difference,100,-0.3064,0.15880564323484325,0.015880564323484326,-0.33679999999999993,-0.2759900000000001,-0.76,0.0,paired_percentile_bootstrap,2000,20260827
vs_mean,mean,median,primary,clean_dynamic_communication_topologies,scale_free,dynamic,no_attack,0.0,none,,1.0,messages_sent_difference,100,0.0,0.0,0.0,0.0,0.0,0.0,0.0,paired_percentile_bootstrap,2000,20260827
vs_mean,mean,median,primary,clean_dynamic_communication_topologies,scale_free,dynamic,no_attack,0.0,none,,1.0,scalar_values_sent_difference,100,0.0,0.0,0.0,0.0,0.0,0.0,0.0,paired_percentile_bootstrap,2000,20260827
vs_mean,mean,median,primary,clean_dynamic_communication_topologies,small_world,dynamic,no_attack,0.0,none,,1.0,mean_per_agent_regret_difference,100,230.33965999999694,79.32363974190329,7.932363974190329,214.22108249999673,245.60010299999686,31.62799999999966,410.0599999999945,paired_percentile_bootstrap,2000,20260827
vs_mean,mean,median,primary,clean_dynamic_communication_topologies,small_world,dynamic,no_attack,0.0,none,,1.0,total_population_regret_difference,100,5758.491499999924,1983.090993547582,198.3090993547582,5373.664337499927,6150.492249999925,790.6999999999914,10251.499999999862,paired_percentile_bootstrap,2000,20260827
vs_mean,mean,median,primary,clean_dynamic_communication_topologies,small_world,dynamic,no_attack,0.0,none,,1.0,best_arm_identification_rate_difference,100,-0.192,0.1158194345269455,0.01158194345269455,-0.21480999999999992,-0.16998999999999992,-0.48,0.0,paired_percentile_bootstrap,2000,20260827
vs_mean,mean,median,primary,clean_dynamic_communication_topologies,small_world,dynamic,no_attack,0.0,none,,1.0,messages_sent_difference,100,0.0,0.0,0.0,0.0,0.0,0.0,0.0,paired_percentile_bootstrap,2000,20260827
vs_mean,mean,median,primary,clean_dynamic_communication_topologies,small_world,dynamic,no_attack,0.0,none,,1.0,scalar_values_sent_difference,100,0.0,0.0,0.0,0.0,0.0,0.0,0.0,paired_percentile_bootstrap,2000,20260827
vs_mean,mean,median,primary,clean_static_all_topologies,complete,static,no_attack,0.0,none,,1.0,mean_per_agent_regret_difference,100,3.5562999999995744,48.06914790416158,4.806914790416158,-4.840370000000138,13.412339499999215,-13.491999999999992,191.3219999999929,paired_percentile_bootstrap,2000,20260827
vs_mean,mean,median,primary,clean_static_all_topologies,complete,static,no_attack,0.0,none,,1.0,total_population_regret_difference,100,88.90749999998935,1201.7286976040393,120.17286976040393,-119.98693750000345,353.1778999999802,-337.2999999999998,4783.049999999822,paired_percentile_bootstrap,2000,20260827
vs_mean,mean,median,primary,clean_static_all_topologies,complete,static,no_attack,0.0,none,,1.0,best_arm_identification_rate_difference,100,-0.06,0.23868325657594203,0.023868325657594204,-0.11,-0.02,-1.0,0.0,paired_percentile_bootstrap,2000,20260827
vs_mean,mean,median,primary,clean_static_all_topologies,complete,static,no_attack,0.0,none,,1.0,messages_sent_difference,100,0.0,0.0,0.0,0.0,0.0,0.0,0.0,paired_percentile_bootstrap,2000,20260827
vs_mean,mean,median,primary,clean_static_all_topologies,complete,static,no_attack,0.0,none,,1.0,scalar_values_sent_difference,100,0.0,0.0,0.0,0.0,0.0,0.0,0.0,paired_percentile_bootstrap,2000,20260827
vs_mean,mean,median,primary,clean_static_all_topologies,ring,static,no_attack,0.0,none,,1.0,mean_per_agent_regret_difference,100,310.37695999999437,88.87084377665121,8.887084377665122,292.8135449999946,327.1757894999945,95.38999999999841,536.2739999999889,paired_percentile_bootstrap,2000,20260827
vs_mean,mean,median,primary,clean_static_all_topologies,ring,static,no_attack,0.0,none,,1.0,total_population_regret_difference,100,7759.423999999859,2221.7710944162804,222.17710944162803,7339.062762499862,8170.722062499861,2384.74999999996,13406.849999999722,paired_percentile_bootstrap,2000,20260827
vs_mean,mean,median,primary,clean_static_all_topologies,ring,static,no_attack,0.0,none,,1.0,best_arm_identification_rate_difference,100,-0.41,0.12615526748872405,0.012615526748872405,-0.4348100000000002,-0.3848000000000002,-0.72,-0.16000000000000003,paired_percentile_bootstrap,2000,20260827
vs_mean,mean,median,primary,clean_static_all_topologies,ring,static,no_attack,0.0,none,,1.0,messages_sent_difference,100,0.0,0.0,0.0,0.0,0.0,0.0,0.0,paired_percentile_bootstrap,2000,20260827
vs_mean,mean,median,primary,clean_static_all_topologies,ring,static,no_attack,0.0,none,,1.0,scalar_values_sent_difference,100,0.0,0.0,0.0,0.0,0.0,0.0,0.0,paired_percentile_bootstrap,2000,20260827
vs_mean,mean,median,primary,clean_static_all_topologies,scale_free,static,no_attack,0.0,none,,1.0,mean_per_agent_regret_difference,100,357.5126999999943,102.16093482378929,10.216093482378929,337.06614649999443,377.5434794999944,103.78599999999511,637.5719999999914,paired_percentile_bootstrap,2000,20260827
vs_mean,mean,median,primary,clean_static_all_topologies,scale_free,static,no_attack,0.0,none,,1.0,total_population_regret_difference,100,8937.817499999857,2554.023370594732,255.4023370594732,8446.934374999875,9454.330724999854,2594.6499999998778,15939.299999999786,paired_percentile_bootstrap,2000,20260827
vs_mean,mean,median,primary,clean_static_all_topologies,scale_free,static,no_attack,0.0,none,,1.0,best_arm_identification_rate_difference,100,-0.32799999999999996,0.1802355361321637,0.01802355361321637,-0.36240999999999995,-0.29478000000000004,-0.8,-0.040000000000000036,paired_percentile_bootstrap,2000,20260827
vs_mean,mean,median,primary,clean_static_all_topologies,scale_free,static,no_attack,0.0,none,,1.0,messages_sent_difference,100,0.0,0.0,0.0,0.0,0.0,0.0,0.0,paired_percentile_bootstrap,2000,20260827
vs_mean,mean,median,primary,clean_static_all_topologies,scale_free,static,no_attack,0.0,none,,1.0,scalar_values_sent_difference,100,0.0,0.0,0.0,0.0,0.0,0.0,0.0,paired_percentile_bootstrap,2000,20260827
vs_mean,mean,median,primary,clean_static_all_topologies,small_world,static,no_attack,0.0,none,,1.0,mean_per_agent_regret_difference,100,247.61813999999586,87.79046202179484,8.779046202179483,230.01178749999576,264.99459249999575,50.7039999999983,444.26199999999585,paired_percentile_bootstrap,2000,20260827
vs_mean,mean,median,primary,clean_static_all_topologies,small_world,static,no_attack,0.0,none,,1.0,total_population_regret_difference,100,6190.453499999896,2194.7615505448707,219.47615505448707,5746.152662499902,6612.759537499889,1267.5999999999574,11106.549999999897,paired_percentile_bootstrap,2000,20260827
vs_mean,mean,median,primary,clean_static_all_topologies,small_world,static,no_attack,0.0,none,,1.0,best_arm_identification_rate_difference,100,-0.2368,0.13317323721796023,0.013317323721796023,-0.26320999999999983,-0.21079999999999988,-0.64,0.0,paired_percentile_bootstrap,2000,20260827
vs_mean,mean,median,primary,clean_static_all_topologies,small_world,static,no_attack,0.0,none,,1.0,messages_sent_difference,100,0.0,0.0,0.0,0.0,0.0,0.0,0.0,paired_percentile_bootstrap,2000,20260827
vs_mean,mean,median,primary,clean_static_all_topologies,small_world,static,no_attack,0.0,none,,1.0,scalar_values_sent_difference,100,0.0,0.0,0.0,0.0,0.0,0.0,0.0,paired_percentile_bootstrap,2000,20260827
vs_mean,mean,median,primary,coordinated_dynamic_random_and_degree,ring,dynamic,coordinated_target,0.2,degree_centrality,3,1.0,mean_per_agent_regret_difference,100,279.6388749999952,98.71928390808337,9.871928390808337,259.4984806249957,299.3561799999948,81.82749999999939,606.7124999999861,paired_percentile_bootstrap,2000,20260827
vs_mean,mean,median,primary,coordinated_dynamic_random_and_degree,ring,dynamic,coordinated_target,0.2,degree_centrality,3,1.0,total_population_regret_difference,100,5592.777499999905,1974.3856781616676,197.43856781616677,5224.234749999908,5948.963099999897,1636.5499999999877,12134.249999999724,paired_percentile_bootstrap,2000,20260827
vs_mean,mean,median,primary,coordinated_dynamic_random_and_degree,ring,dynamic,coordinated_target,0.2,degree_centrality,3,1.0,best_arm_identification_rate_difference,100,-0.40549999999999997,0.15405216878405414,0.015405216878405414,-0.4354999999999999,-0.3754999999999999,-0.8,-0.15000000000000002,paired_percentile_bootstrap,2000,20260827
vs_mean,mean,median,primary,coordinated_dynamic_random_and_degree,ring,dynamic,coordinated_target,0.2,degree_centrality,3,1.0,messages_sent_difference,100,0.0,0.0,0.0,0.0,0.0,0.0,0.0,paired_percentile_bootstrap,2000,20260827
vs_mean,mean,median,primary,coordinated_dynamic_random_and_degree,ring,dynamic,coordinated_target,0.2,degree_centrality,3,1.0,scalar_values_sent_difference,100,0.0,0.0,0.0,0.0,0.0,0.0,0.0,paired_percentile_bootstrap,2000,20260827
vs_mean,mean,median,primary,coordinated_dynamic_random_and_degree,ring,dynamic,coordinated_target,0.2,random,3,1.0,mean_per_agent_regret_difference,100,306.5968749999953,91.192018431177,9.1192018431177,288.61067187499594,323.68903124999485,87.50249999999748,507.0624999999934,paired_percentile_bootstrap,2000,20260827
vs_mean,mean,median,primary,coordinated_dynamic_random_and_degree,ring,dynamic,coordinated_target,0.2,random,3,1.0,total_population_regret_difference,100,6131.937499999905,1823.84036862354,182.38403686235398,5759.856187499909,6491.737737499908,1750.04999999995,10141.249999999867,paired_percentile_bootstrap,2000,20260827
vs_mean,mean,median,primary,coordinated_dynamic_random_and_degree,ring,dynamic,coordinated_target,0.2,random,3,1.0,best_arm_identification_rate_difference,100,-0.40950000000000003,0.13902528655978488,0.013902528655978488,-0.43500000000000005,-0.38248750000000004,-0.8,-0.09999999999999998,paired_percentile_bootstrap,2000,20260827
vs_mean,mean,median,primary,coordinated_dynamic_random_and_degree,ring,dynamic,coordinated_target,0.2,random,3,1.0,messages_sent_difference,100,0.0,0.0,0.0,0.0,0.0,0.0,0.0,paired_percentile_bootstrap,2000,20260827
vs_mean,mean,median,primary,coordinated_dynamic_random_and_degree,ring,dynamic,coordinated_target,0.2,random,3,1.0,scalar_values_sent_difference,100,0.0,0.0,0.0,0.0,0.0,0.0,0.0,paired_percentile_bootstrap,2000,20260827
vs_mean,mean,median,primary,coordinated_dynamic_random_and_degree,scale_free,dynamic,coordinated_target,0.2,degree_centrality,3,1.0,mean_per_agent_regret_difference,100,366.01227499999476,100.63210902053505,10.063210902053505,346.3186062499951,385.5070049999941,160.30249999999856,685.2449999999938,paired_percentile_bootstrap,2000,20260827
vs_mean,mean,median,primary,coordinated_dynamic_random_and_degree,scale_free,dynamic,coordinated_target,0.2,degree_centrality,3,1.0,total_population_regret_difference,100,7320.2454999998945,2012.642180410701,201.2642180410701,6944.44694999989,7707.381312499897,3206.049999999971,13704.899999999876,paired_percentile_bootstrap,2000,20260827
vs_mean,mean,median,primary,coordinated_dynamic_random_and_degree,scale_free,dynamic,coordinated_target,0.2,degree_centrality,3,1.0,best_arm_identification_rate_difference,100,-0.365,0.15134080878613146,0.015134080878613145,-0.3945,-0.33599999999999997,-0.85,0.0,paired_percentile_bootstrap,2000,20260827
vs_mean,mean,median,primary,coordinated_dynamic_random_and_degree,scale_free,dynamic,coordinated_target,0.2,degree_centrality,3,1.0,messages_sent_difference,100,0.0,0.0,0.0,0.0,0.0,0.0,0.0,paired_percentile_bootstrap,2000,20260827
vs_mean,mean,median,primary,coordinated_dynamic_random_and_degree,scale_free,dynamic,coordinated_target,0.2,degree_centrality,3,1.0,scalar_values_sent_difference,100,0.0,0.0,0.0,0.0,0.0,0.0,0.0,paired_percentile_bootstrap,2000,20260827
vs_mean,mean,median,primary,coordinated_dynamic_random_and_degree,scale_free,dynamic,coordinated_target,0.2,random,3,1.0,mean_per_agent_regret_difference,100,338.66194999999504,83.64099188153274,8.364099188153274,322.7042593749951,355.37441187499553,110.77499999999657,518.5299999999936,paired_percentile_bootstrap,2000,20260827
vs_mean,mean,median,primary,coordinated_dynamic_random_and_degree,scale_free,dynamic,coordinated_target,0.2,random,3,1.0,total_population_regret_difference,100,6773.238999999901,1672.819837630655,167.2819837630655,6449.378687499909,7101.908262499882,2215.4999999999313,10370.599999999871,paired_percentile_bootstrap,2000,20260827
vs_mean,mean,median,primary,coordinated_dynamic_random_and_degree,scale_free,dynamic,coordinated_target,0.2,random,3,1.0,best_arm_identification_rate_difference,100,-0.337,0.14277551780626987,0.014277551780626988,-0.36551250000000013,-0.3095,-0.75,-0.050000000000000044,paired_percentile_bootstrap,2000,20260827
vs_mean,mean,median,primary,coordinated_dynamic_random_and_degree,scale_free,dynamic,coordinated_target,0.2,random,3,1.0,messages_sent_difference,100,0.0,0.0,0.0,0.0,0.0,0.0,0.0,paired_percentile_bootstrap,2000,20260827
vs_mean,mean,median,primary,coordinated_dynamic_random_and_degree,scale_free,dynamic,coordinated_target,0.2,random,3,1.0,scalar_values_sent_difference,100,0.0,0.0,0.0,0.0,0.0,0.0,0.0,paired_percentile_bootstrap,2000,20260827
vs_mean,mean,median,primary,coordinated_static_random_and_degree,ring,static,coordinated_target,0.2,degree_centrality,3,1.0,mean_per_agent_regret_difference,100,303.7520999999942,106.65946711600125,10.665946711600125,282.7762312499941,324.6655831249941,42.16249999999678,682.574999999985,paired_percentile_bootstrap,2000,20260827
vs_mean,mean,median,primary,coordinated_static_random_and_degree,ring,static,coordinated_target,0.2,degree_centrality,3,1.0,total_population_regret_difference,100,6075.041999999883,2133.189342320025,213.3189342320025,5635.952549999891,6487.484712499881,843.2499999999354,13651.499999999702,paired_percentile_bootstrap,2000,20260827
vs_mean,mean,median,primary,coordinated_static_random_and_degree,ring,static,coordinated_target,0.2,degree_centrality,3,1.0,best_arm_identification_rate_difference,100,-0.4115,0.14717113655314154,0.014717113655314154,-0.44100000000000017,-0.3835000000000002,-0.8,-0.09999999999999998,paired_percentile_bootstrap,2000,20260827
vs_mean,mean,median,primary,coordinated_static_random_and_degree,ring,static,coordinated_target,0.2,degree_centrality,3,1.0,messages_sent_difference,100,0.0,0.0,0.0,0.0,0.0,0.0,0.0,paired_percentile_bootstrap,2000,20260827
vs_mean,mean,median,primary,coordinated_static_random_and_degree,ring,static,coordinated_target,0.2,degree_centrality,3,1.0,scalar_values_sent_difference,100,0.0,0.0,0.0,0.0,0.0,0.0,0.0,paired_percentile_bootstrap,2000,20260827
vs_mean,mean,median,primary,coordinated_static_random_and_degree,ring,static,coordinated_target,0.2,random,3,1.0,mean_per_agent_regret_difference,100,332.49372499999373,99.01519637825695,9.901519637825695,312.9634781249943,351.72106062499364,113.0249999999975,551.4499999999894,paired_percentile_bootstrap,2000,20260827
vs_mean,mean,median,primary,coordinated_static_random_and_degree,ring,static,coordinated_target,0.2,random,3,1.0,total_population_regret_difference,100,6649.874499999875,1980.303927565139,198.0303927565139,6270.820974999883,7029.3250999998645,2260.49999999995,11028.999999999787,paired_percentile_bootstrap,2000,20260827
vs_mean,mean,median,primary,coordinated_static_random_and_degree,ring,static,coordinated_target,0.2,random,3,1.0,best_arm_identification_rate_difference,100,-0.45,0.13926212476455826,0.013926212476455826,-0.4755000000000002,-0.423,-0.75,-0.15000000000000002,paired_percentile_bootstrap,2000,20260827
vs_mean,mean,median,primary,coordinated_static_random_and_degree,ring,static,coordinated_target,0.2,random,3,1.0,messages_sent_difference,100,0.0,0.0,0.0,0.0,0.0,0.0,0.0,paired_percentile_bootstrap,2000,20260827
vs_mean,mean,median,primary,coordinated_static_random_and_degree,ring,static,coordinated_target,0.2,random,3,1.0,scalar_values_sent_difference,100,0.0,0.0,0.0,0.0,0.0,0.0,0.0,paired_percentile_bootstrap,2000,20260827
vs_mean,mean,median,primary,coordinated_static_random_and_degree,scale_free,static,coordinated_target,0.2,degree_centrality,3,1.0,mean_per_agent_regret_difference,100,407.10869999999306,113.78453898400609,11.37845389840061,385.3734999999937,430.1894949999929,174.2549999999971,749.009999999995,paired_percentile_bootstrap,2000,20260827
vs_mean,mean,median,primary,coordinated_static_random_and_degree,scale_free,static,coordinated_target,0.2,degree_centrality,3,1.0,total_population_regret_difference,100,8142.173999999861,2275.6907796801215,227.56907796801215,7696.365649999876,8596.625012499851,3485.0999999999412,14980.1999999999,paired_percentile_bootstrap,2000,20260827
vs_mean,mean,median,primary,coordinated_static_random_and_degree,scale_free,static,coordinated_target,0.2,degree_centrality,3,1.0,best_arm_identification_rate_difference,100,-0.45399999999999996,0.171252073643716,0.0171252073643716,-0.48701250000000024,-0.42050000000000004,-0.8,-0.09999999999999998,paired_percentile_bootstrap,2000,20260827
vs_mean,mean,median,primary,coordinated_static_random_and_degree,scale_free,static,coordinated_target,0.2,degree_centrality,3,1.0,messages_sent_difference,100,0.0,0.0,0.0,0.0,0.0,0.0,0.0,paired_percentile_bootstrap,2000,20260827
vs_mean,mean,median,primary,coordinated_static_random_and_degree,scale_free,static,coordinated_target,0.2,degree_centrality,3,1.0,scalar_values_sent_difference,100,0.0,0.0,0.0,0.0,0.0,0.0,0.0,paired_percentile_bootstrap,2000,20260827
vs_mean,mean,median,primary,coordinated_static_random_and_degree,scale_free,static,coordinated_target,0.2,random,3,1.0,mean_per_agent_regret_difference,100,363.24784999999395,94.81820440715641,9.48182044071564,344.2404568749942,382.06551562499345,161.77999999999568,601.3399999999924,paired_percentile_bootstrap,2000,20260827
vs_mean,mean,median,primary,coordinated_static_random_and_degree,scale_free,static,coordinated_target,0.2,random,3,1.0,total_population_regret_difference,100,7264.9569999998785,1896.3640881431281,189.6364088143128,6901.604824999881,7638.642924999871,3235.5999999999135,12026.799999999848,paired_percentile_bootstrap,2000,20260827
vs_mean,mean,median,primary,coordinated_static_random_and_degree,scale_free,static,coordinated_target,0.2,random,3,1.0,best_arm_identification_rate_difference,100,-0.36950000000000005,0.166043532079556,0.0166043532079556,-0.402,-0.3365000000000001,-0.8,0.0,paired_percentile_bootstrap,2000,20260827
vs_mean,mean,median,primary,coordinated_static_random_and_degree,scale_free,static,coordinated_target,0.2,random,3,1.0,messages_sent_difference,100,0.0,0.0,0.0,0.0,0.0,0.0,0.0,paired_percentile_bootstrap,2000,20260827
vs_mean,mean,median,primary,coordinated_static_random_and_degree,scale_free,static,coordinated_target,0.2,random,3,1.0,scalar_values_sent_difference,100,0.0,0.0,0.0,0.0,0.0,0.0,0.0,paired_percentile_bootstrap,2000,20260827
vs_mean,mean,trimmed_mean,primary,clean_dynamic_communication_topologies,ring,dynamic,no_attack,0.0,none,,1.0,mean_per_agent_regret_difference,100,161.94849999999764,53.11243419055835,5.3112434190558355,151.85796549999768,172.5087244999975,54.4979999999987,296.8779999999973,paired_percentile_bootstrap,2000,20260827
vs_mean,mean,trimmed_mean,primary,clean_dynamic_communication_topologies,ring,dynamic,no_attack,0.0,none,,1.0,total_population_regret_difference,100,4048.7124999999405,1327.810854763959,132.7810854763959,3800.320787499939,4304.071662499935,1362.4499999999675,7421.9499999999325,paired_percentile_bootstrap,2000,20260827
vs_mean,mean,trimmed_mean,primary,clean_dynamic_communication_topologies,ring,dynamic,no_attack,0.0,none,,1.0,best_arm_identification_rate_difference,100,-0.39640000000000003,0.1350310102805046,0.01350310102805046,-0.42319999999999985,-0.37118999999999996,-0.8,-0.12,paired_percentile_bootstrap,2000,20260827
vs_mean,mean,trimmed_mean,primary,clean_dynamic_communication_topologies,ring,dynamic,no_attack,0.0,none,,1.0,messages_sent_difference,100,0.0,0.0,0.0,0.0,0.0,0.0,0.0,paired_percentile_bootstrap,2000,20260827
vs_mean,mean,trimmed_mean,primary,clean_dynamic_communication_topologies,ring,dynamic,no_attack,0.0,none,,1.0,scalar_values_sent_difference,100,0.0,0.0,0.0,0.0,0.0,0.0,0.0,paired_percentile_bootstrap,2000,20260827
vs_mean,mean,trimmed_mean,primary,clean_dynamic_communication_topologies,scale_free,dynamic,no_attack,0.0,none,,1.0,mean_per_agent_regret_difference,100,230.0018799999972,58.629860154385,5.8629860154385,218.89011199999752,241.44131099999714,91.96799999999891,427.97199999999407,paired_percentile_bootstrap,2000,20260827
vs_mean,mean,trimmed_mean,primary,clean_dynamic_communication_topologies,scale_free,dynamic,no_attack,0.0,none,,1.0,total_population_regret_difference,100,5750.0469999999295,1465.746503859625,146.57465038596249,5473.058687499933,6032.7359374999205,2299.199999999973,10699.299999999852,paired_percentile_bootstrap,2000,20260827
vs_mean,mean,trimmed_mean,primary,clean_dynamic_communication_topologies,scale_free,dynamic,no_attack,0.0,none,,1.0,best_arm_identification_rate_difference,100,-0.3308,0.1658384269051773,0.01658384269051773,-0.3656000000000001,-0.2991999999999999,-0.84,-0.07999999999999996,paired_percentile_bootstrap,2000,20260827
vs_mean,mean,trimmed_mean,primary,clean_dynamic_communication_topologies,scale_free,dynamic,no_attack,0.0,none,,1.0,messages_sent_difference,100,0.0,0.0,0.0,0.0,0.0,0.0,0.0,paired_percentile_bootstrap,2000,20260827
vs_mean,mean,trimmed_mean,primary,clean_dynamic_communication_topologies,scale_free,dynamic,no_attack,0.0,none,,1.0,scalar_values_sent_difference,100,0.0,0.0,0.0,0.0,0.0,0.0,0.0,paired_percentile_bootstrap,2000,20260827
vs_mean,mean,trimmed_mean,primary,clean_dynamic_communication_topologies,small_world,dynamic,no_attack,0.0,none,,1.0,mean_per_agent_regret_difference,100,183.22261999999796,91.65819374690352,9.165819374690352,165.37291499999776,200.47552299999782,-1.939999999999877,416.37200000000007,paired_percentile_bootstrap,2000,20260827
vs_mean,mean,trimmed_mean,primary,clean_dynamic_communication_topologies,small_world,dynamic,no_attack,0.0,none,,1.0,total_population_regret_difference,100,4580.565499999949,2291.454843672588,229.1454843672588,4116.218162499949,5018.103087499951,-48.499999999997044,10409.300000000003,paired_percentile_bootstrap,2000,20260827
vs_mean,mean,trimmed_mean,primary,clean_dynamic_communication_topologies,small_world,dynamic,no_attack,0.0,none,,1.0,best_arm_identification_rate_difference,100,-0.27,0.150996688705415,0.0150996688705415,-0.29879999999999984,-0.23919999999999994,-0.76,-0.040000000000000036,paired_percentile_bootstrap,2000,20260827
vs_mean,mean,trimmed_mean,primary,clean_dynamic_communication_topologies,small_world,dynamic,no_attack,0.0,none,,1.0,messages_sent_difference,100,0.0,0.0,0.0,0.0,0.0,0.0,0.0,paired_percentile_bootstrap,2000,20260827
vs_mean,mean,trimmed_mean,primary,clean_dynamic_communication_topologies,small_world,dynamic,no_attack,0.0,none,,1.0,scalar_values_sent_difference,100,0.0,0.0,0.0,0.0,0.0,0.0,0.0,paired_percentile_bootstrap,2000,20260827
vs_mean,mean,trimmed_mean,primary,clean_static_all_topologies,complete,static,no_attack,0.0,none,,1.0,mean_per_agent_regret_difference,100,0.5435599999996488,43.67486263363555,4.3674862633635545,-7.359164000000069,10.521068499999291,-13.669999999999993,192.20599999999288,paired_percentile_bootstrap,2000,20260827
vs_mean,mean,trimmed_mean,primary,clean_static_all_topologies,complete,static,no_attack,0.0,none,,1.0,total_population_regret_difference,100,13.588999999991229,1091.8715658408887,109.18715658408887,-183.1569500000017,262.27593749998226,-341.7499999999998,4805.149999999822,paired_percentile_bootstrap,2000,20260827
vs_mean,mean,trimmed_mean,primary,clean_static_all_topologies,complete,static,no_attack,0.0,none,,1.0,best_arm_identification_rate_difference,100,-0.05,0.2190429135575903,0.021904291355759033,-0.1,-0.01,-1.0,0.0,paired_percentile_bootstrap,2000,20260827
vs_mean,mean,trimmed_mean,primary,clean_static_all_topologies,complete,static,no_attack,0.0,none,,1.0,messages_sent_difference,100,0.0,0.0,0.0,0.0,0.0,0.0,0.0,paired_percentile_bootstrap,2000,20260827
vs_mean,mean,trimmed_mean,primary,clean_static_all_topologies,complete,static,no_attack,0.0,none,,1.0,scalar_values_sent_difference,100,0.0,0.0,0.0,0.0,0.0,0.0,0.0,paired_percentile_bootstrap,2000,20260827
vs_mean,mean,trimmed_mean,primary,clean_static_all_topologies,ring,static,no_attack,0.0,none,,1.0,mean_per_agent_regret_difference,100,132.9612399999965,62.78243644814948,6.278243644814948,121.0653844999965,145.14479249999636,-2.554000000001068,263.61799999999107,paired_percentile_bootstrap,2000,20260827
vs_mean,mean,trimmed_mean,primary,clean_static_all_topologies,ring,static,no_attack,0.0,none,,1.0,total_population_regret_difference,100,3324.0309999999126,1569.5609112037369,156.95609112037369,3016.255074999917,3623.64314999991,-63.85000000002697,6590.449999999777,paired_percentile_bootstrap,2000,20260827
vs_mean,mean,trimmed_mean,primary,clean_static_all_topologies,ring,static,no_attack,0.0,none,,1.0,best_arm_identification_rate_difference,100,-0.4808,0.13417672651914692,0.013417672651914691,-0.5068,-0.45519999999999994,-0.72,-0.19999999999999996,paired_percentile_bootstrap,2000,20260827
vs_mean,mean,trimmed_mean,primary,clean_static_all_topologies,ring,static,no_attack,0.0,none,,1.0,messages_sent_difference,100,0.0,0.0,0.0,0.0,0.0,0.0,0.0,paired_percentile_bootstrap,2000,20260827
vs_mean,mean,trimmed_mean,primary,clean_static_all_topologies,ring,static,no_attack,0.0,none,,1.0,scalar_values_sent_difference,100,0.0,0.0,0.0,0.0,0.0,0.0,0.0,paired_percentile_bootstrap,2000,20260827
vs_mean,mean,trimmed_mean,primary,clean_static_all_topologies,scale_free,static,no_attack,0.0,none,,1.0,mean_per_agent_regret_difference,100,200.13537999999568,62.2612606333345,6.22612606333345,187.98882049999568,211.8848349999955,43.387999999997874,357.95799999999275,paired_percentile_bootstrap,2000,20260827
vs_mean,mean,trimmed_mean,primary,clean_static_all_topologies,scale_free,static,no_attack,0.0,none,,1.0,total_population_regret_difference,100,5003.384499999892,1556.5315158333626,155.65315158333627,4706.001424999895,5302.531887499889,1084.6999999999466,8948.949999999819,paired_percentile_bootstrap,2000,20260827
vs_mean,mean,trimmed_mean,primary,clean_static_all_topologies,scale_free,static,no_attack,0.0,none,,1.0,best_arm_identification_rate_difference,100,-0.40240000000000004,0.1627858480434719,0.016278584804347192,-0.43360000000000015,-0.37079999999999996,-0.88,-0.07999999999999996,paired_percentile_bootstrap,2000,20260827
vs_mean,mean,trimmed_mean,primary,clean_static_all_topologies,scale_free,static,no_attack,0.0,none,,1.0,messages_sent_difference,100,0.0,0.0,0.0,0.0,0.0,0.0,0.0,paired_percentile_bootstrap,2000,20260827
vs_mean,mean,trimmed_mean,primary,clean_static_all_topologies,scale_free,static,no_attack,0.0,none,,1.0,scalar_values_sent_difference,100,0.0,0.0,0.0,0.0,0.0,0.0,0.0,paired_percentile_bootstrap,2000,20260827
vs_mean,mean,trimmed_mean,primary,clean_static_all_topologies,small_world,static,no_attack,0.0,none,,1.0,mean_per_agent_regret_difference,100,212.1986999999963,103.41130640502355,10.341130640502355,191.6635509999964,231.47461999999607,-34.867999999999796,432.68399999999696,paired_percentile_bootstrap,2000,20260827
vs_mean,mean,trimmed_mean,primary,clean_static_all_topologies,small_world,static,no_attack,0.0,none,,1.0,total_population_regret_difference,100,5304.967499999908,2585.282660125589,258.5282660125589,4792.165812499914,5831.357549999902,-871.6999999999948,10817.099999999924,paired_percentile_bootstrap,2000,20260827
vs_mean,mean,trimmed_mean,primary,clean_static_all_topologies,small_world,static,no_attack,0.0,none,,1.0,best_arm_identification_rate_difference,100,-0.3208,0.16788452019531797,0.016788452019531795,-0.3527999999999998,-0.2879999999999999,-0.72,0.0,paired_percentile_bootstrap,2000,20260827
vs_mean,mean,trimmed_mean,primary,clean_static_all_topologies,small_world,static,no_attack,0.0,none,,1.0,messages_sent_difference,100,0.0,0.0,0.0,0.0,0.0,0.0,0.0,paired_percentile_bootstrap,2000,20260827
vs_mean,mean,trimmed_mean,primary,clean_static_all_topologies,small_world,static,no_attack,0.0,none,,1.0,scalar_values_sent_difference,100,0.0,0.0,0.0,0.0,0.0,0.0,0.0,paired_percentile_bootstrap,2000,20260827
vs_mean,mean,trimmed_mean,primary,coordinated_dynamic_random_and_degree,ring,dynamic,coordinated_target,0.2,degree_centrality,3,1.0,mean_per_agent_regret_difference,100,152.2374249999973,61.87751435811035,6.187751435811036,140.0934106249977,164.76867749999695,8.834999999999397,293.50999999999675,paired_percentile_bootstrap,2000,20260827
vs_mean,mean,trimmed_mean,primary,coordinated_dynamic_random_and_degree,ring,dynamic,coordinated_target,0.2,degree_centrality,3,1.0,total_population_regret_difference,100,3044.748499999946,1237.550287162207,123.7550287162207,2801.6359124999467,3271.7343374999423,176.699999999988,5870.199999999935,paired_percentile_bootstrap,2000,20260827
vs_mean,mean,trimmed_mean,primary,coordinated_dynamic_random_and_degree,ring,dynamic,coordinated_target,0.2,degree_centrality,3,1.0,best_arm_identification_rate_difference,100,-0.40399999999999997,0.15996843122909904,0.015996843122909905,-0.435,-0.3719874999999999,-0.85,-0.15000000000000002,paired_percentile_bootstrap,2000,20260827
vs_mean,mean,trimmed_mean,primary,coordinated_dynamic_random_and_degree,ring,dynamic,coordinated_target,0.2,degree_centrality,3,1.0,messages_sent_difference,100,0.0,0.0,0.0,0.0,0.0,0.0,0.0,paired_percentile_bootstrap,2000,20260827
vs_mean,mean,trimmed_mean,primary,coordinated_dynamic_random_and_degree,ring,dynamic,coordinated_target,0.2,degree_centrality,3,1.0,scalar_values_sent_difference,100,0.0,0.0,0.0,0.0,0.0,0.0,0.0,paired_percentile_bootstrap,2000,20260827
vs_mean,mean,trimmed_mean,primary,coordinated_dynamic_random_and_degree,ring,dynamic,coordinated_target,0.2,random,3,1.0,mean_per_agent_regret_difference,100,174.0608999999971,61.17997792624184,6.117997792624184,162.6913162499972,185.82668124999708,42.94999999999938,308.9349999999931,paired_percentile_bootstrap,2000,20260827
vs_mean,mean,trimmed_mean,primary,coordinated_dynamic_random_and_degree,ring,dynamic,coordinated_target,0.2,random,3,1.0,total_population_regret_difference,100,3481.2179999999416,1223.5995585248368,122.35995585248368,3227.8862874999422,3715.3720874999367,858.9999999999875,6178.699999999863,paired_percentile_bootstrap,2000,20260827
vs_mean,mean,trimmed_mean,primary,coordinated_dynamic_random_and_degree,ring,dynamic,coordinated_target,0.2,random,3,1.0,best_arm_identification_rate_difference,100,-0.42100000000000004,0.12933005306680512,0.012933005306680512,-0.44701250000000015,-0.3965000000000001,-0.85,-0.15000000000000002,paired_percentile_bootstrap,2000,20260827
vs_mean,mean,trimmed_mean,primary,coordinated_dynamic_random_and_degree,ring,dynamic,coordinated_target,0.2,random,3,1.0,messages_sent_difference,100,0.0,0.0,0.0,0.0,0.0,0.0,0.0,paired_percentile_bootstrap,2000,20260827
vs_mean,mean,trimmed_mean,primary,coordinated_dynamic_random_and_degree,ring,dynamic,coordinated_target,0.2,random,3,1.0,scalar_values_sent_difference,100,0.0,0.0,0.0,0.0,0.0,0.0,0.0,paired_percentile_bootstrap,2000,20260827
vs_mean,mean,trimmed_mean,primary,coordinated_dynamic_random_and_degree,scale_free,dynamic,coordinated_target,0.2,degree_centrality,3,1.0,mean_per_agent_regret_difference,100,232.63817499999632,57.946494721308476,5.794649472130848,221.33742249999625,244.1052612499963,116.40499999999864,395.0849999999941,paired_percentile_bootstrap,2000,20260827
vs_mean,mean,trimmed_mean,primary,coordinated_dynamic_random_and_degree,scale_free,dynamic,coordinated_target,0.2,degree_centrality,3,1.0,total_population_regret_difference,100,4652.763499999927,1158.9298944261695,115.89298944261695,4435.280337499929,4871.490287499922,2328.099999999973,7901.699999999883,paired_percentile_bootstrap,2000,20260827
vs_mean,mean,trimmed_mean,primary,coordinated_dynamic_random_and_degree,scale_free,dynamic,coordinated_target,0.2,degree_centrality,3,1.0,best_arm_identification_rate_difference,100,-0.395,0.1673470958966737,0.01673470958966737,-0.4259999999999999,-0.3629999999999998,-0.8,-0.09999999999999998,paired_percentile_bootstrap,2000,20260827
vs_mean,mean,trimmed_mean,primary,coordinated_dynamic_random_and_degree,scale_free,dynamic,coordinated_target,0.2,degree_centrality,3,1.0,messages_sent_difference,100,0.0,0.0,0.0,0.0,0.0,0.0,0.0,paired_percentile_bootstrap,2000,20260827
vs_mean,mean,trimmed_mean,primary,coordinated_dynamic_random_and_degree,scale_free,dynamic,coordinated_target,0.2,degree_centrality,3,1.0,scalar_values_sent_difference,100,0.0,0.0,0.0,0.0,0.0,0.0,0.0,paired_percentile_bootstrap,2000,20260827
vs_mean,mean,trimmed_mean,primary,coordinated_dynamic_random_and_degree,scale_free,dynamic,coordinated_target,0.2,random,3,1.0,mean_per_agent_regret_difference,100,251.0477749999962,58.03923944422753,5.8039239444227535,239.7567681249964,262.63712499999644,129.79499999999794,401.66999999998825,paired_percentile_bootstrap,2000,20260827
vs_mean,mean,trimmed_mean,primary,coordinated_dynamic_random_and_degree,scale_free,dynamic,coordinated_target,0.2,random,3,1.0,total_population_regret_difference,100,5020.9554999999245,1160.7847888845506,116.07847888845507,4798.353974999937,5241.652824999921,2595.899999999959,8033.399999999765,paired_percentile_bootstrap,2000,20260827
vs_mean,mean,trimmed_mean,primary,coordinated_dynamic_random_and_degree,scale_free,dynamic,coordinated_target,0.2,random,3,1.0,best_arm_identification_rate_difference,100,-0.38549999999999995,0.1872575874040997,0.01872575874040997,-0.42200000000000004,-0.349,-0.9,0.0,paired_percentile_bootstrap,2000,20260827
vs_mean,mean,trimmed_mean,primary,coordinated_dynamic_random_and_degree,scale_free,dynamic,coordinated_target,0.2,random,3,1.0,messages_sent_difference,100,0.0,0.0,0.0,0.0,0.0,0.0,0.0,paired_percentile_bootstrap,2000,20260827
vs_mean,mean,trimmed_mean,primary,coordinated_dynamic_random_and_degree,scale_free,dynamic,coordinated_target,0.2,random,3,1.0,scalar_values_sent_difference,100,0.0,0.0,0.0,0.0,0.0,0.0,0.0,paired_percentile_bootstrap,2000,20260827
vs_mean,mean,trimmed_mean,primary,coordinated_static_random_and_degree,ring,static,coordinated_target,0.2,degree_centrality,3,1.0,mean_per_agent_regret_difference,100,130.13142499999606,71.24063204519378,7.124063204519378,116.57534687499624,143.460845624996,-42.86500000000032,294.57499999999584,paired_percentile_bootstrap,2000,20260827
vs_mean,mean,trimmed_mean,primary,coordinated_static_random_and_degree,ring,static,coordinated_target,0.2,degree_centrality,3,1.0,total_population_regret_difference,100,2602.6284999999207,1424.8126409038757,142.48126409038758,2324.3159874999174,2873.5167249999204,-857.3000000000063,5891.499999999916,paired_percentile_bootstrap,2000,20260827
vs_mean,mean,trimmed_mean,primary,coordinated_static_random_and_degree,ring,static,coordinated_target,0.2,degree_centrality,3,1.0,best_arm_identification_rate_difference,100,-0.488,0.16285334544065136,0.016285334544065135,-0.5189999999999999,-0.4550000000000001,-0.9,-0.19999999999999996,paired_percentile_bootstrap,2000,20260827
vs_mean,mean,trimmed_mean,primary,coordinated_static_random_and_degree,ring,static,coordinated_target,0.2,degree_centrality,3,1.0,messages_sent_difference,100,0.0,0.0,0.0,0.0,0.0,0.0,0.0,paired_percentile_bootstrap,2000,20260827
vs_mean,mean,trimmed_mean,primary,coordinated_static_random_and_degree,ring,static,coordinated_target,0.2,degree_centrality,3,1.0,scalar_values_sent_difference,100,0.0,0.0,0.0,0.0,0.0,0.0,0.0,paired_percentile_bootstrap,2000,20260827
vs_mean,mean,trimmed_mean,primary,coordinated_static_random_and_degree,ring,static,coordinated_target,0.2,random,3,1.0,mean_per_agent_regret_difference,100,149.74257499999572,73.18224792371679,7.318224792371678,135.4264393749963,164.2051368749956,-28.42999999999965,342.6499999999938,paired_percentile_bootstrap,2000,20260827
vs_mean,mean,trimmed_mean,primary,coordinated_static_random_and_degree,ring,static,coordinated_target,0.2,random,3,1.0,total_population_regret_difference,100,2994.8514999999147,1463.644958474336,146.3644958474336,2720.172549999917,3271.0027999999106,-568.5999999999931,6852.999999999876,paired_percentile_bootstrap,2000,20260827
vs_mean,mean,trimmed_mean,primary,coordinated_static_random_and_degree,ring,static,coordinated_target,0.2,random,3,1.0,best_arm_identification_rate_difference,100,-0.503,0.13119882359659826,0.013119882359659826,-0.528,-0.4770000000000001,-0.75,-0.15000000000000002,paired_percentile_bootstrap,2000,20260827
vs_mean,mean,trimmed_mean,primary,coordinated_static_random_and_degree,ring,static,coordinated_target,0.2,random,3,1.0,messages_sent_difference,100,0.0,0.0,0.0,0.0,0.0,0.0,0.0,paired_percentile_bootstrap,2000,20260827
vs_mean,mean,trimmed_mean,primary,coordinated_static_random_and_degree,ring,static,coordinated_target,0.2,random,3,1.0,scalar_values_sent_difference,100,0.0,0.0,0.0,0.0,0.0,0.0,0.0,paired_percentile_bootstrap,2000,20260827
vs_mean,mean,trimmed_mean,primary,coordinated_static_random_and_degree,scale_free,static,coordinated_target,0.2,degree_centrality,3,1.0,mean_per_agent_regret_difference,100,203.20519999999414,78.15732253841253,7.815732253841253,188.08493624999463,218.8513887499936,21.67499999999643,418.6174999999889,paired_percentile_bootstrap,2000,20260827
vs_mean,mean,trimmed_mean,primary,coordinated_static_random_and_degree,scale_free,static,coordinated_target,0.2,degree_centrality,3,1.0,total_population_regret_difference,100,4064.1039999998834,1563.1464507682506,156.31464507682506,3776.4754499998885,4353.285674999874,433.4999999999286,8372.349999999778,paired_percentile_bootstrap,2000,20260827
vs_mean,mean,trimmed_mean,primary,coordinated_static_random_and_degree,scale_free,static,coordinated_target,0.2,degree_centrality,3,1.0,best_arm_identification_rate_difference,100,-0.4955,0.15043623435216866,0.015043623435216865,-0.5250125000000001,-0.467,-0.9,-0.15000000000000002,paired_percentile_bootstrap,2000,20260827
vs_mean,mean,trimmed_mean,primary,coordinated_static_random_and_degree,scale_free,static,coordinated_target,0.2,degree_centrality,3,1.0,messages_sent_difference,100,0.0,0.0,0.0,0.0,0.0,0.0,0.0,paired_percentile_bootstrap,2000,20260827
vs_mean,mean,trimmed_mean,primary,coordinated_static_random_and_degree,scale_free,static,coordinated_target,0.2,degree_centrality,3,1.0,scalar_values_sent_difference,100,0.0,0.0,0.0,0.0,0.0,0.0,0.0,paired_percentile_bootstrap,2000,20260827
vs_mean,mean,trimmed_mean,primary,coordinated_static_random_and_degree,scale_free,static,coordinated_target,0.2,random,3,1.0,mean_per_agent_regret_difference,100,223.42187499999508,70.29018098282073,7.029018098282073,209.64798249999524,237.4954181249948,49.97749999999908,380.4774999999901,paired_percentile_bootstrap,2000,20260827
vs_mean,mean,trimmed_mean,primary,coordinated_static_random_and_degree,scale_free,static,coordinated_target,0.2,random,3,1.0,total_population_regret_difference,100,4468.437499999902,1405.8036196564144,140.58036196564143,4192.7023249999065,4749.779949999898,999.5499999999818,7609.549999999801,paired_percentile_bootstrap,2000,20260827
vs_mean,mean,trimmed_mean,primary,coordinated_static_random_and_degree,scale_free,static,coordinated_target,0.2,random,3,1.0,best_arm_identification_rate_difference,100,-0.436,0.18272350365478104,0.018272350365478106,-0.4725125000000003,-0.40048749999999983,-1.0,-0.09999999999999998,paired_percentile_bootstrap,2000,20260827
vs_mean,mean,trimmed_mean,primary,coordinated_static_random_and_degree,scale_free,static,coordinated_target,0.2,random,3,1.0,messages_sent_difference,100,0.0,0.0,0.0,0.0,0.0,0.0,0.0,paired_percentile_bootstrap,2000,20260827
vs_mean,mean,trimmed_mean,primary,coordinated_static_random_and_degree,scale_free,static,coordinated_target,0.2,random,3,1.0,scalar_values_sent_difference,100,0.0,0.0,0.0,0.0,0.0,0.0,0.0,paired_percentile_bootstrap,2000,20260827
