comparison,n_pairs,mean_difference,ci95_low,ci95_high,ci_method
clean_static_all_topologies / complete / static / vs_independent / centralized_clean_reference vs independent,100,-100.02867999999968,-100.67630499999972,-99.43329199999967,paired_percentile_bootstrap
clean_static_all_topologies / ring / static / vs_independent / centralized_clean_reference vs independent,100,-100.02867999999968,-100.67665949999974,-99.42345299999965,paired_percentile_bootstrap
clean_static_all_topologies / scale_free / static / vs_independent / centralized_clean_reference vs independent,100,-100.02867999999968,-100.6301889999997,-99.4434134999996,paired_percentile_bootstrap
clean_static_all_topologies / small_world / static / vs_independent / centralized_clean_reference vs independent,100,-100.02867999999968,-100.63673649999969,-99.43845149999967,paired_percentile_bootstrap
clean_static_all_topologies / complete / static / vs_independent / mean vs independent,100,-103.8541999999997,-104.37568399999974,-103.3180939999997,paired_percentile_bootstrap
clean_static_all_topologies / ring / static / vs_independent / mean vs independent,100,-36.30899999999999,-37.14486549999997,-35.51493499999998,paired_percentile_bootstrap
clean_static_all_topologies / scale_free / static / vs_independent / mean vs independent,100,-34.58840000000003,-36.2383175,-32.99798900000007,paired_percentile_bootstrap
clean_static_all_topologies / small_world / static / vs_independent / mean vs independent,100,-53.223339999999865,-54.1070849999999,-52.26279449999984,paired_percentile_bootstrap
coordinated_static_random_and_degree / ring / static / vs_independent / mean vs independent,100,-24.5421249999999,-25.419428749999888,-23.63336249999991,paired_percentile_bootstrap
coordinated_static_random_and_degree / ring / static / vs_independent / mean vs independent,100,-31.854600000000026,-33.299453750000026,-30.33264437500007,paired_percentile_bootstrap
coordinated_static_random_and_degree / scale_free / static / vs_independent / mean vs independent,100,-25.322850000000017,-27.58770625000002,-22.957109375000073,paired_percentile_bootstrap
coordinated_static_random_and_degree / scale_free / static / vs_independent / mean vs independent,100,-32.76737500000001,-34.75788499999999,-30.85302312500001,paired_percentile_bootstrap
clean_static_all_topologies / complete / static / vs_independent / median vs independent,100,-100.29790000000011,-108.69867399999983,-89.84066700000044,paired_percentile_bootstrap
clean_static_all_topologies / ring / static / vs_independent / median vs independent,100,274.0679599999944,256.9527144999947,292.10139249999435,paired_percentile_bootstrap
clean_static_all_topologies / scale_free / static / vs_independent / median vs independent,100,322.9242999999943,301.7718519999943,342.92138049999386,paired_percentile_bootstrap
clean_static_all_topologies / small_world / static / vs_independent / median vs independent,100,194.394799999996,177.23981399999582,210.99148399999584,paired_percentile_bootstrap
coordinated_static_random_and_degree / ring / static / vs_independent / median vs independent,100,279.20997499999424,259.0948974999946,300.81116687499417,paired_percentile_bootstrap
coordinated_static_random_and_degree / ring / static / vs_independent / median vs independent,100,300.63912499999367,281.6182849999941,319.1410593749931,paired_percentile_bootstrap
coordinated_static_random_and_degree / scale_free / static / vs_independent / median vs independent,100,381.785849999993,359.3891506249929,405.47899374999247,paired_percentile_bootstrap
coordinated_static_random_and_degree / scale_free / static / vs_independent / median vs independent,100,330.4804749999939,312.08913562499396,349.0383468749943,paired_percentile_bootstrap
clean_static_all_topologies / complete / static / vs_independent / trimmed_mean vs independent,100,-103.31064000000003,-111.18607999999978,-94.86816200000041,paired_percentile_bootstrap
clean_static_all_topologies / ring / static / vs_independent / trimmed_mean vs independent,100,96.65223999999651,84.65538599999668,108.46024599999649,paired_percentile_bootstrap
clean_static_all_topologies / scale_free / static / vs_independent / trimmed_mean vs independent,100,165.54697999999564,154.04732999999587,176.78218249999549,paired_percentile_bootstrap
clean_static_all_topologies / small_world / static / vs_independent / trimmed_mean vs independent,100,158.97535999999644,138.48452149999665,178.6279524999961,paired_percentile_bootstrap
coordinated_static_random_and_degree / ring / static / vs_independent / trimmed_mean vs independent,100,105.58929999999614,91.68045937499627,120.04166374999586,paired_percentile_bootstrap
coordinated_static_random_and_degree / ring / static / vs_independent / trimmed_mean vs independent,100,117.88797499999569,104.36130687499578,131.8878424999952,paired_percentile_bootstrap
coordinated_static_random_and_degree / scale_free / static / vs_independent / trimmed_mean vs independent,100,177.88234999999415,162.79851999999448,194.02387999999343,paired_percentile_bootstrap
coordinated_static_random_and_degree / scale_free / static / vs_independent / trimmed_mean vs independent,100,190.65449999999507,176.97214374999544,203.618893124995,paired_percentile_bootstrap
clean_dynamic_communication_topologies / ring / dynamic / vs_mean / median vs mean,100,289.1065399999955,273.224549999996,305.43508399999564,paired_percentile_bootstrap
clean_dynamic_communication_topologies / scale_free / dynamic / vs_mean / median vs mean,100,333.3014799999954,317.0510979999957,350.3618109999951,paired_percentile_bootstrap
clean_dynamic_communication_topologies / small_world / dynamic / vs_mean / median vs mean,100,230.33965999999694,214.22108249999673,245.60010299999686,paired_percentile_bootstrap
clean_static_all_topologies / complete / static / vs_mean / median vs mean,100,3.5562999999995744,-4.840370000000138,13.412339499999215,paired_percentile_bootstrap
clean_static_all_topologies / ring / static / vs_mean / median vs mean,100,310.37695999999437,292.8135449999946,327.1757894999945,paired_percentile_bootstrap
clean_static_all_topologies / scale_free / static / vs_mean / median vs mean,100,357.5126999999943,337.06614649999443,377.5434794999944,paired_percentile_bootstrap
clean_static_all_topologies / small_world / static / vs_mean / median vs mean,100,247.61813999999586,230.01178749999576,264.99459249999575,paired_percentile_bootstrap
coordinated_dynamic_random_and_degree / ring / dynamic / vs_mean / median vs mean,100,279.6388749999952,259.4984806249957,299.3561799999948,paired_percentile_bootstrap
coordinated_dynamic_random_and_degree / ring / dynamic / vs_mean / median vs mean,100,306.5968749999953,288.61067187499594,323.68903124999485,paired_percentile_bootstrap
coordinated_dynamic_random_and_degree / scale_free / dynamic / vs_mean / median vs mean,100,366.01227499999476,346.3186062499951,385.5070049999941,paired_percentile_bootstrap
coordinated_dynamic_random_and_degree / scale_free / dynamic / vs_mean / median vs mean,100,338.66194999999504,322.7042593749951,355.37441187499553,paired_percentile_bootstrap
coordinated_static_random_and_degree / ring / static / vs_mean / median vs mean,100,303.7520999999942,282.7762312499941,324.6655831249941,paired_percentile_bootstrap
coordinated_static_random_and_degree / ring / static / vs_mean / median vs mean,100,332.49372499999373,312.9634781249943,351.72106062499364,paired_percentile_bootstrap
coordinated_static_random_and_degree / scale_free / static / vs_mean / median vs mean,100,407.10869999999306,385.3734999999937,430.1894949999929,paired_percentile_bootstrap
coordinated_static_random_and_degree / scale_free / static / vs_mean / median vs mean,100,363.24784999999395,344.2404568749942,382.06551562499345,paired_percentile_bootstrap
clean_dynamic_communication_topologies / ring / dynamic / vs_mean / trimmed_mean vs mean,100,161.94849999999764,151.85796549999768,172.5087244999975,paired_percentile_bootstrap
clean_dynamic_communication_topologies / scale_free / dynamic / vs_mean / trimmed_mean vs mean,100,230.0018799999972,218.89011199999752,241.44131099999714,paired_percentile_bootstrap
clean_dynamic_communication_topologies / small_world / dynamic / vs_mean / trimmed_mean vs mean,100,183.22261999999796,165.37291499999776,200.47552299999782,paired_percentile_bootstrap
clean_static_all_topologies / complete / static / vs_mean / trimmed_mean vs mean,100,0.5435599999996488,-7.359164000000069,10.521068499999291,paired_percentile_bootstrap
clean_static_all_topologies / ring / static / vs_mean / trimmed_mean vs mean,100,132.9612399999965,121.0653844999965,145.14479249999636,paired_percentile_bootstrap
clean_static_all_topologies / scale_free / static / vs_mean / trimmed_mean vs mean,100,200.13537999999568,187.98882049999568,211.8848349999955,paired_percentile_bootstrap
clean_static_all_topologies / small_world / static / vs_mean / trimmed_mean vs mean,100,212.1986999999963,191.6635509999964,231.47461999999607,paired_percentile_bootstrap
coordinated_dynamic_random_and_degree / ring / dynamic / vs_mean / trimmed_mean vs mean,100,152.2374249999973,140.0934106249977,164.76867749999695,paired_percentile_bootstrap
coordinated_dynamic_random_and_degree / ring / dynamic / vs_mean / trimmed_mean vs mean,100,174.0608999999971,162.6913162499972,185.82668124999708,paired_percentile_bootstrap
coordinated_dynamic_random_and_degree / scale_free / dynamic / vs_mean / trimmed_mean vs mean,100,232.63817499999632,221.33742249999625,244.1052612499963,paired_percentile_bootstrap
coordinated_dynamic_random_and_degree / scale_free / dynamic / vs_mean / trimmed_mean vs mean,100,251.0477749999962,239.7567681249964,262.63712499999644,paired_percentile_bootstrap
coordinated_static_random_and_degree / ring / static / vs_mean / trimmed_mean vs mean,100,130.13142499999606,116.57534687499624,143.460845624996,paired_percentile_bootstrap
coordinated_static_random_and_degree / ring / static / vs_mean / trimmed_mean vs mean,100,149.74257499999572,135.4264393749963,164.2051368749956,paired_percentile_bootstrap
coordinated_static_random_and_degree / scale_free / static / vs_mean / trimmed_mean vs mean,100,203.20519999999414,188.08493624999463,218.8513887499936,paired_percentile_bootstrap
coordinated_static_random_and_degree / scale_free / static / vs_mean / trimmed_mean vs mean,100,223.42187499999508,209.64798249999524,237.4954181249948,paired_percentile_bootstrap
